[0.373s] DEBUG:colcon:Command line arguments: ['/usr/bin/colcon', 'build']
[0.373s] DEBUG:colcon:Parsed command line arguments: Namespace(allow_overriding=[], ament_cmake_args=None, base_paths=['.'], build_base='build', catkin_cmake_args=None, catkin_skip_building_tests=False, cmake_args=None, cmake_clean_cache=False, cmake_clean_first=False, cmake_force_configure=False, cmake_target=None, cmake_target_skip_unavailable=False, continue_on_error=False, event_handlers=None, executor='parallel', ignore_user_meta=False, install_base='install', log_base=None, log_level=None, main=<bound method BuildVerb.main of <colcon_core.verb.build.BuildVerb object at 0x7fdbba484fd0>>, merge_install=False, metas=['./colcon.meta'], packages_above=None, packages_above_and_dependencies=None, packages_above_depth=None, packages_end=None, packages_ignore=None, packages_ignore_regex=None, packages_select=None, packages_select_build_failed=False, packages_select_by_dep=None, packages_select_regex=None, packages_select_test_failures=False, packages_skip=None, packages_skip_build_finished=False, packages_skip_by_dep=None, packages_skip_regex=None, packages_skip_test_passed=False, packages_skip_up_to=None, packages_start=None, packages_up_to=None, packages_up_to_regex=None, parallel_workers=4, paths=None, symlink_install=False, test_result_base=None, verb_extension=<colcon_core.verb.build.BuildVerb object at 0x7fdbba484fd0>, verb_name='build', verb_parser=<colcon_defaults.argument_parser.defaults.DefaultArgumentsDecorator object at 0x7fdbba48e520>)
[0.403s] Level 1:colcon.colcon_core.package_discovery:discover_packages(colcon_meta) check parameters
[0.403s] Level 1:colcon.colcon_core.package_discovery:discover_packages(recursive) check parameters
[0.403s] Level 1:colcon.colcon_core.package_discovery:discover_packages(ignore) check parameters
[0.404s] Level 1:colcon.colcon_core.package_discovery:discover_packages(path) check parameters
[0.404s] Level 1:colcon.colcon_core.package_discovery:discover_packages(colcon_meta) discover
[0.404s] Level 1:colcon.colcon_core.package_discovery:discover_packages(recursive) discover
[0.404s] INFO:colcon.colcon_core.package_discovery:Crawling recursively for packages in '/home/uwrt/xbox_test_ws/src/uwrt_mars_rover'
[0.404s] Level 1:colcon.colcon_core.package_identification:_identify(.) by extensions ['ignore', 'ignore_ament_install']
[0.404s] Level 1:colcon.colcon_core.package_identification:_identify(.) by extension 'ignore'
[0.404s] Level 1:colcon.colcon_core.package_identification:_identify(.) by extension 'ignore_ament_install'
[0.404s] Level 1:colcon.colcon_core.package_identification:_identify(.) by extensions ['colcon_pkg']
[0.404s] Level 1:colcon.colcon_core.package_identification:_identify(.) by extension 'colcon_pkg'
[0.404s] Level 1:colcon.colcon_core.package_identification:_identify(.) by extensions ['colcon_meta']
[0.404s] Level 1:colcon.colcon_core.package_identification:_identify(.) by extension 'colcon_meta'
[0.404s] Level 1:colcon.colcon_core.package_identification:_identify(.) by extensions ['ros']
[0.404s] Level 1:colcon.colcon_core.package_identification:_identify(.) by extension 'ros'
[0.427s] Level 1:colcon.colcon_core.package_identification:_identify(.) by extensions ['cmake', 'python']
[0.427s] Level 1:colcon.colcon_core.package_identification:_identify(.) by extension 'cmake'
[0.428s] Level 1:colcon.colcon_core.package_identification:_identify(.) by extension 'python'
[0.428s] Level 1:colcon.colcon_core.package_identification:_identify(.) by extensions ['python_setup_py']
[0.428s] Level 1:colcon.colcon_core.package_identification:_identify(.) by extension 'python_setup_py'
[0.428s] Level 1:colcon.colcon_core.package_identification:_identify(build) by extensions ['ignore', 'ignore_ament_install']
[0.428s] Level 1:colcon.colcon_core.package_identification:_identify(build) by extension 'ignore'
[0.428s] Level 1:colcon.colcon_core.package_identification:_identify(build) ignored
[0.428s] Level 1:colcon.colcon_core.package_identification:_identify(install) by extensions ['ignore', 'ignore_ament_install']
[0.428s] Level 1:colcon.colcon_core.package_identification:_identify(install) by extension 'ignore'
[0.428s] Level 1:colcon.colcon_core.package_identification:_identify(install) ignored
[0.428s] Level 1:colcon.colcon_core.package_identification:_identify(log) by extensions ['ignore', 'ignore_ament_install']
[0.428s] Level 1:colcon.colcon_core.package_identification:_identify(log) by extension 'ignore'
[0.429s] Level 1:colcon.colcon_core.package_identification:_identify(log) ignored
[0.429s] Level 1:colcon.colcon_core.package_identification:_identify(uwrt_mars_rover) by extensions ['ignore', 'ignore_ament_install']
[0.429s] Level 1:colcon.colcon_core.package_identification:_identify(uwrt_mars_rover) by extension 'ignore'
[0.429s] Level 1:colcon.colcon_core.package_identification:_identify(uwrt_mars_rover) by extension 'ignore_ament_install'
[0.429s] Level 1:colcon.colcon_core.package_identification:_identify(uwrt_mars_rover) by extensions ['colcon_pkg']
[0.429s] Level 1:colcon.colcon_core.package_identification:_identify(uwrt_mars_rover) by extension 'colcon_pkg'
[0.429s] Level 1:colcon.colcon_core.package_identification:_identify(uwrt_mars_rover) by extensions ['colcon_meta']
[0.429s] Level 1:colcon.colcon_core.package_identification:_identify(uwrt_mars_rover) by extension 'colcon_meta'
[0.429s] Level 1:colcon.colcon_core.package_identification:_identify(uwrt_mars_rover) by extensions ['ros']
[0.429s] Level 1:colcon.colcon_core.package_identification:_identify(uwrt_mars_rover) by extension 'ros'
[0.432s] DEBUG:colcon.colcon_core.package_identification:Package 'uwrt_mars_rover' with type 'ros.ament_cmake' and name 'uwrt_mars_rover'
[0.432s] Level 1:colcon.colcon_core.package_identification:_identify(uwrt_mars_rover_description) by extensions ['ignore', 'ignore_ament_install']
[0.432s] Level 1:colcon.colcon_core.package_identification:_identify(uwrt_mars_rover_description) by extension 'ignore'
[0.432s] Level 1:colcon.colcon_core.package_identification:_identify(uwrt_mars_rover_description) by extension 'ignore_ament_install'
[0.432s] Level 1:colcon.colcon_core.package_identification:_identify(uwrt_mars_rover_description) by extensions ['colcon_pkg']
[0.432s] Level 1:colcon.colcon_core.package_identification:_identify(uwrt_mars_rover_description) by extension 'colcon_pkg'
[0.432s] Level 1:colcon.colcon_core.package_identification:_identify(uwrt_mars_rover_description) by extensions ['colcon_meta']
[0.433s] Level 1:colcon.colcon_core.package_identification:_identify(uwrt_mars_rover_description) by extension 'colcon_meta'
[0.433s] Level 1:colcon.colcon_core.package_identification:_identify(uwrt_mars_rover_description) by extensions ['ros']
[0.433s] Level 1:colcon.colcon_core.package_identification:_identify(uwrt_mars_rover_description) by extension 'ros'
[0.433s] DEBUG:colcon.colcon_core.package_identification:Package 'uwrt_mars_rover_description' with type 'ros.ament_cmake' and name 'uwrt_mars_rover_description'
[0.433s] Level 1:colcon.colcon_core.package_identification:_identify(uwrt_mars_rover_drivetrain) by extensions ['ignore', 'ignore_ament_install']
[0.433s] Level 1:colcon.colcon_core.package_identification:_identify(uwrt_mars_rover_drivetrain) by extension 'ignore'
[0.433s] Level 1:colcon.colcon_core.package_identification:_identify(uwrt_mars_rover_drivetrain) by extension 'ignore_ament_install'
[0.434s] Level 1:colcon.colcon_core.package_identification:_identify(uwrt_mars_rover_drivetrain) by extensions ['colcon_pkg']
[0.434s] Level 1:colcon.colcon_core.package_identification:_identify(uwrt_mars_rover_drivetrain) by extension 'colcon_pkg'
[0.434s] Level 1:colcon.colcon_core.package_identification:_identify(uwrt_mars_rover_drivetrain) by extensions ['colcon_meta']
[0.434s] Level 1:colcon.colcon_core.package_identification:_identify(uwrt_mars_rover_drivetrain) by extension 'colcon_meta'
[0.434s] Level 1:colcon.colcon_core.package_identification:_identify(uwrt_mars_rover_drivetrain) by extensions ['ros']
[0.434s] Level 1:colcon.colcon_core.package_identification:_identify(uwrt_mars_rover_drivetrain) by extension 'ros'
[0.434s] Level 1:colcon.colcon_core.package_identification:_identify(uwrt_mars_rover_drivetrain) by extensions ['cmake', 'python']
[0.434s] Level 1:colcon.colcon_core.package_identification:_identify(uwrt_mars_rover_drivetrain) by extension 'cmake'
[0.434s] Level 1:colcon.colcon_core.package_identification:_identify(uwrt_mars_rover_drivetrain) by extension 'python'
[0.434s] Level 1:colcon.colcon_core.package_identification:_identify(uwrt_mars_rover_drivetrain) by extensions ['python_setup_py']
[0.434s] Level 1:colcon.colcon_core.package_identification:_identify(uwrt_mars_rover_drivetrain) by extension 'python_setup_py'
[0.434s] Level 1:colcon.colcon_core.package_identification:_identify(uwrt_mars_rover_drivetrain/uwrt_mars_rover_drivetrain) by extensions ['ignore', 'ignore_ament_install']
[0.434s] Level 1:colcon.colcon_core.package_identification:_identify(uwrt_mars_rover_drivetrain/uwrt_mars_rover_drivetrain) by extension 'ignore'
[0.434s] Level 1:colcon.colcon_core.package_identification:_identify(uwrt_mars_rover_drivetrain/uwrt_mars_rover_drivetrain) by extension 'ignore_ament_install'
[0.434s] Level 1:colcon.colcon_core.package_identification:_identify(uwrt_mars_rover_drivetrain/uwrt_mars_rover_drivetrain) by extensions ['colcon_pkg']
[0.434s] Level 1:colcon.colcon_core.package_identification:_identify(uwrt_mars_rover_drivetrain/uwrt_mars_rover_drivetrain) by extension 'colcon_pkg'
[0.434s] Level 1:colcon.colcon_core.package_identification:_identify(uwrt_mars_rover_drivetrain/uwrt_mars_rover_drivetrain) by extensions ['colcon_meta']
[0.435s] Level 1:colcon.colcon_core.package_identification:_identify(uwrt_mars_rover_drivetrain/uwrt_mars_rover_drivetrain) by extension 'colcon_meta'
[0.435s] Level 1:colcon.colcon_core.package_identification:_identify(uwrt_mars_rover_drivetrain/uwrt_mars_rover_drivetrain) by extensions ['ros']
[0.435s] Level 1:colcon.colcon_core.package_identification:_identify(uwrt_mars_rover_drivetrain/uwrt_mars_rover_drivetrain) by extension 'ros'
[0.435s] DEBUG:colcon.colcon_core.package_identification:Package 'uwrt_mars_rover_drivetrain/uwrt_mars_rover_drivetrain' with type 'ros.ament_cmake' and name 'uwrt_mars_rover_drivetrain'
[0.435s] Level 1:colcon.colcon_core.package_identification:_identify(uwrt_mars_rover_drivetrain/uwrt_mars_rover_drivetrain_description) by extensions ['ignore', 'ignore_ament_install']
[0.435s] Level 1:colcon.colcon_core.package_identification:_identify(uwrt_mars_rover_drivetrain/uwrt_mars_rover_drivetrain_description) by extension 'ignore'
[0.436s] Level 1:colcon.colcon_core.package_identification:_identify(uwrt_mars_rover_drivetrain/uwrt_mars_rover_drivetrain_description) by extension 'ignore_ament_install'
[0.436s] Level 1:colcon.colcon_core.package_identification:_identify(uwrt_mars_rover_drivetrain/uwrt_mars_rover_drivetrain_description) by extensions ['colcon_pkg']
[0.436s] Level 1:colcon.colcon_core.package_identification:_identify(uwrt_mars_rover_drivetrain/uwrt_mars_rover_drivetrain_description) by extension 'colcon_pkg'
[0.436s] Level 1:colcon.colcon_core.package_identification:_identify(uwrt_mars_rover_drivetrain/uwrt_mars_rover_drivetrain_description) by extensions ['colcon_meta']
[0.436s] Level 1:colcon.colcon_core.package_identification:_identify(uwrt_mars_rover_drivetrain/uwrt_mars_rover_drivetrain_description) by extension 'colcon_meta'
[0.436s] Level 1:colcon.colcon_core.package_identification:_identify(uwrt_mars_rover_drivetrain/uwrt_mars_rover_drivetrain_description) by extensions ['ros']
[0.436s] Level 1:colcon.colcon_core.package_identification:_identify(uwrt_mars_rover_drivetrain/uwrt_mars_rover_drivetrain_description) by extension 'ros'
[0.437s] DEBUG:colcon.colcon_core.package_identification:Package 'uwrt_mars_rover_drivetrain/uwrt_mars_rover_drivetrain_description' with type 'ros.ament_cmake' and name 'uwrt_mars_rover_drivetrain_description'
[0.437s] Level 1:colcon.colcon_core.package_identification:_identify(uwrt_mars_rover_drivetrain/uwrt_mars_rover_drivetrain_hw) by extensions ['ignore', 'ignore_ament_install']
[0.437s] Level 1:colcon.colcon_core.package_identification:_identify(uwrt_mars_rover_drivetrain/uwrt_mars_rover_drivetrain_hw) by extension 'ignore'
[0.437s] Level 1:colcon.colcon_core.package_identification:_identify(uwrt_mars_rover_drivetrain/uwrt_mars_rover_drivetrain_hw) by extension 'ignore_ament_install'
[0.437s] Level 1:colcon.colcon_core.package_identification:_identify(uwrt_mars_rover_drivetrain/uwrt_mars_rover_drivetrain_hw) by extensions ['colcon_pkg']
[0.437s] Level 1:colcon.colcon_core.package_identification:_identify(uwrt_mars_rover_drivetrain/uwrt_mars_rover_drivetrain_hw) by extension 'colcon_pkg'
[0.437s] Level 1:colcon.colcon_core.package_identification:_identify(uwrt_mars_rover_drivetrain/uwrt_mars_rover_drivetrain_hw) by extensions ['colcon_meta']
[0.437s] Level 1:colcon.colcon_core.package_identification:_identify(uwrt_mars_rover_drivetrain/uwrt_mars_rover_drivetrain_hw) by extension 'colcon_meta'
[0.437s] Level 1:colcon.colcon_core.package_identification:_identify(uwrt_mars_rover_drivetrain/uwrt_mars_rover_drivetrain_hw) by extensions ['ros']
[0.437s] Level 1:colcon.colcon_core.package_identification:_identify(uwrt_mars_rover_drivetrain/uwrt_mars_rover_drivetrain_hw) by extension 'ros'
[0.438s] DEBUG:colcon.colcon_core.package_identification:Package 'uwrt_mars_rover_drivetrain/uwrt_mars_rover_drivetrain_hw' with type 'ros.ament_cmake' and name 'uwrt_mars_rover_drivetrain_hw'
[0.439s] Level 1:colcon.colcon_core.package_identification:_identify(uwrt_mars_rover_utils) by extensions ['ignore', 'ignore_ament_install']
[0.439s] Level 1:colcon.colcon_core.package_identification:_identify(uwrt_mars_rover_utils) by extension 'ignore'
[0.439s] Level 1:colcon.colcon_core.package_identification:_identify(uwrt_mars_rover_utils) by extension 'ignore_ament_install'
[0.439s] Level 1:colcon.colcon_core.package_identification:_identify(uwrt_mars_rover_utils) by extensions ['colcon_pkg']
[0.439s] Level 1:colcon.colcon_core.package_identification:_identify(uwrt_mars_rover_utils) by extension 'colcon_pkg'
[0.439s] Level 1:colcon.colcon_core.package_identification:_identify(uwrt_mars_rover_utils) by extensions ['colcon_meta']
[0.439s] Level 1:colcon.colcon_core.package_identification:_identify(uwrt_mars_rover_utils) by extension 'colcon_meta'
[0.439s] Level 1:colcon.colcon_core.package_identification:_identify(uwrt_mars_rover_utils) by extensions ['ros']
[0.439s] Level 1:colcon.colcon_core.package_identification:_identify(uwrt_mars_rover_utils) by extension 'ros'
[0.439s] Level 1:colcon.colcon_core.package_identification:_identify(uwrt_mars_rover_utils) by extensions ['cmake', 'python']
[0.439s] Level 1:colcon.colcon_core.package_identification:_identify(uwrt_mars_rover_utils) by extension 'cmake'
[0.439s] Level 1:colcon.colcon_core.package_identification:_identify(uwrt_mars_rover_utils) by extension 'python'
[0.439s] Level 1:colcon.colcon_core.package_identification:_identify(uwrt_mars_rover_utils) by extensions ['python_setup_py']
[0.439s] Level 1:colcon.colcon_core.package_identification:_identify(uwrt_mars_rover_utils) by extension 'python_setup_py'
[0.439s] Level 1:colcon.colcon_core.package_identification:_identify(uwrt_mars_rover_utils/config) by extensions ['ignore', 'ignore_ament_install']
[0.440s] Level 1:colcon.colcon_core.package_identification:_identify(uwrt_mars_rover_utils/config) by extension 'ignore'
[0.440s] Level 1:colcon.colcon_core.package_identification:_identify(uwrt_mars_rover_utils/config) by extension 'ignore_ament_install'
[0.440s] Level 1:colcon.colcon_core.package_identification:_identify(uwrt_mars_rover_utils/config) by extensions ['colcon_pkg']
[0.440s] Level 1:colcon.colcon_core.package_identification:_identify(uwrt_mars_rover_utils/config) by extension 'colcon_pkg'
[0.440s] Level 1:colcon.colcon_core.package_identification:_identify(uwrt_mars_rover_utils/config) by extensions ['colcon_meta']
[0.440s] Level 1:colcon.colcon_core.package_identification:_identify(uwrt_mars_rover_utils/config) by extension 'colcon_meta'
[0.440s] Level 1:colcon.colcon_core.package_identification:_identify(uwrt_mars_rover_utils/config) by extensions ['ros']
[0.440s] Level 1:colcon.colcon_core.package_identification:_identify(uwrt_mars_rover_utils/config) by extension 'ros'
[0.440s] Level 1:colcon.colcon_core.package_identification:_identify(uwrt_mars_rover_utils/config) by extensions ['cmake', 'python']
[0.440s] Level 1:colcon.colcon_core.package_identification:_identify(uwrt_mars_rover_utils/config) by extension 'cmake'
[0.440s] Level 1:colcon.colcon_core.package_identification:_identify(uwrt_mars_rover_utils/config) by extension 'python'
[0.440s] Level 1:colcon.colcon_core.package_identification:_identify(uwrt_mars_rover_utils/config) by extensions ['python_setup_py']
[0.440s] Level 1:colcon.colcon_core.package_identification:_identify(uwrt_mars_rover_utils/config) by extension 'python_setup_py'
[0.440s] Level 1:colcon.colcon_core.package_identification:_identify(uwrt_mars_rover_utils/uwrt_mars_rover_xbox_controller) by extensions ['ignore', 'ignore_ament_install']
[0.440s] Level 1:colcon.colcon_core.package_identification:_identify(uwrt_mars_rover_utils/uwrt_mars_rover_xbox_controller) by extension 'ignore'
[0.440s] Level 1:colcon.colcon_core.package_identification:_identify(uwrt_mars_rover_utils/uwrt_mars_rover_xbox_controller) by extension 'ignore_ament_install'
[0.440s] Level 1:colcon.colcon_core.package_identification:_identify(uwrt_mars_rover_utils/uwrt_mars_rover_xbox_controller) by extensions ['colcon_pkg']
[0.441s] Level 1:colcon.colcon_core.package_identification:_identify(uwrt_mars_rover_utils/uwrt_mars_rover_xbox_controller) by extension 'colcon_pkg'
[0.441s] Level 1:colcon.colcon_core.package_identification:_identify(uwrt_mars_rover_utils/uwrt_mars_rover_xbox_controller) by extensions ['colcon_meta']
[0.441s] Level 1:colcon.colcon_core.package_identification:_identify(uwrt_mars_rover_utils/uwrt_mars_rover_xbox_controller) by extension 'colcon_meta'
[0.441s] Level 1:colcon.colcon_core.package_identification:_identify(uwrt_mars_rover_utils/uwrt_mars_rover_xbox_controller) by extensions ['ros']
[0.441s] Level 1:colcon.colcon_core.package_identification:_identify(uwrt_mars_rover_utils/uwrt_mars_rover_xbox_controller) by extension 'ros'
[0.442s] DEBUG:colcon.colcon_core.package_identification:Package 'uwrt_mars_rover_utils/uwrt_mars_rover_xbox_controller' with type 'ros.ament_cmake' and name 'uwrt_mars_rover_xbox_controller'
[0.442s] Level 1:colcon.colcon_core.package_discovery:discover_packages(recursive) using defaults
[0.442s] Level 1:colcon.colcon_core.package_discovery:discover_packages(ignore) discover
[0.442s] Level 1:colcon.colcon_core.package_discovery:discover_packages(ignore) using defaults
[0.442s] Level 1:colcon.colcon_core.package_discovery:discover_packages(path) discover
[0.442s] Level 1:colcon.colcon_core.package_discovery:discover_packages(path) using defaults
[0.467s] Level 1:colcon.colcon_core.package_discovery:discover_packages(prefix_path) check parameters
[0.467s] Level 1:colcon.colcon_core.package_discovery:discover_packages(prefix_path) discover
[0.471s] DEBUG:colcon.colcon_installed_package_information.package_discovery:Found 301 installed packages in /opt/ros/galactic
[0.473s] Level 1:colcon.colcon_core.package_discovery:discover_packages(prefix_path) using defaults
[0.571s] Level 5:colcon.colcon_core.verb:set package 'uwrt_mars_rover_description' build argument 'cmake_args' from command line to 'None'
[0.571s] Level 5:colcon.colcon_core.verb:set package 'uwrt_mars_rover_description' build argument 'cmake_target' from command line to 'None'
[0.571s] Level 5:colcon.colcon_core.verb:set package 'uwrt_mars_rover_description' build argument 'cmake_target_skip_unavailable' from command line to 'False'
[0.571s] Level 5:colcon.colcon_core.verb:set package 'uwrt_mars_rover_description' build argument 'cmake_clean_cache' from command line to 'False'
[0.571s] Level 5:colcon.colcon_core.verb:set package 'uwrt_mars_rover_description' build argument 'cmake_clean_first' from command line to 'False'
[0.571s] Level 5:colcon.colcon_core.verb:set package 'uwrt_mars_rover_description' build argument 'cmake_force_configure' from command line to 'False'
[0.571s] Level 5:colcon.colcon_core.verb:set package 'uwrt_mars_rover_description' build argument 'ament_cmake_args' from command line to 'None'
[0.571s] Level 5:colcon.colcon_core.verb:set package 'uwrt_mars_rover_description' build argument 'catkin_cmake_args' from command line to 'None'
[0.571s] Level 5:colcon.colcon_core.verb:set package 'uwrt_mars_rover_description' build argument 'catkin_skip_building_tests' from command line to 'False'
[0.571s] DEBUG:colcon.colcon_core.verb:Building package 'uwrt_mars_rover_description' with the following arguments: {'ament_cmake_args': None, 'build_base': '/home/uwrt/xbox_test_ws/src/uwrt_mars_rover/build/uwrt_mars_rover_description', 'catkin_cmake_args': None, 'catkin_skip_building_tests': False, 'cmake_args': None, 'cmake_clean_cache': False, 'cmake_clean_first': False, 'cmake_force_configure': False, 'cmake_target': None, 'cmake_target_skip_unavailable': False, 'install_base': '/home/uwrt/xbox_test_ws/src/uwrt_mars_rover/install/uwrt_mars_rover_description', 'merge_install': False, 'path': '/home/uwrt/xbox_test_ws/src/uwrt_mars_rover/uwrt_mars_rover_description', 'symlink_install': False, 'test_result_base': None}
[0.572s] Level 5:colcon.colcon_core.verb:set package 'uwrt_mars_rover_drivetrain_description' build argument 'cmake_args' from command line to 'None'
[0.572s] Level 5:colcon.colcon_core.verb:set package 'uwrt_mars_rover_drivetrain_description' build argument 'cmake_target' from command line to 'None'
[0.572s] Level 5:colcon.colcon_core.verb:set package 'uwrt_mars_rover_drivetrain_description' build argument 'cmake_target_skip_unavailable' from command line to 'False'
[0.572s] Level 5:colcon.colcon_core.verb:set package 'uwrt_mars_rover_drivetrain_description' build argument 'cmake_clean_cache' from command line to 'False'
[0.572s] Level 5:colcon.colcon_core.verb:set package 'uwrt_mars_rover_drivetrain_description' build argument 'cmake_clean_first' from command line to 'False'
[0.572s] Level 5:colcon.colcon_core.verb:set package 'uwrt_mars_rover_drivetrain_description' build argument 'cmake_force_configure' from command line to 'False'
[0.572s] Level 5:colcon.colcon_core.verb:set package 'uwrt_mars_rover_drivetrain_description' build argument 'ament_cmake_args' from command line to 'None'
[0.572s] Level 5:colcon.colcon_core.verb:set package 'uwrt_mars_rover_drivetrain_description' build argument 'catkin_cmake_args' from command line to 'None'
[0.573s] Level 5:colcon.colcon_core.verb:set package 'uwrt_mars_rover_drivetrain_description' build argument 'catkin_skip_building_tests' from command line to 'False'
[0.573s] DEBUG:colcon.colcon_core.verb:Building package 'uwrt_mars_rover_drivetrain_description' with the following arguments: {'ament_cmake_args': None, 'build_base': '/home/uwrt/xbox_test_ws/src/uwrt_mars_rover/build/uwrt_mars_rover_drivetrain_description', 'catkin_cmake_args': None, 'catkin_skip_building_tests': False, 'cmake_args': None, 'cmake_clean_cache': False, 'cmake_clean_first': False, 'cmake_force_configure': False, 'cmake_target': None, 'cmake_target_skip_unavailable': False, 'install_base': '/home/uwrt/xbox_test_ws/src/uwrt_mars_rover/install/uwrt_mars_rover_drivetrain_description', 'merge_install': False, 'path': '/home/uwrt/xbox_test_ws/src/uwrt_mars_rover/uwrt_mars_rover_drivetrain/uwrt_mars_rover_drivetrain_description', 'symlink_install': False, 'test_result_base': None}
[0.574s] Level 5:colcon.colcon_core.verb:set package 'uwrt_mars_rover_xbox_controller' build argument 'cmake_args' from command line to 'None'
[0.574s] Level 5:colcon.colcon_core.verb:set package 'uwrt_mars_rover_xbox_controller' build argument 'cmake_target' from command line to 'None'
[0.574s] Level 5:colcon.colcon_core.verb:set package 'uwrt_mars_rover_xbox_controller' build argument 'cmake_target_skip_unavailable' from command line to 'False'
[0.574s] Level 5:colcon.colcon_core.verb:set package 'uwrt_mars_rover_xbox_controller' build argument 'cmake_clean_cache' from command line to 'False'
[0.574s] Level 5:colcon.colcon_core.verb:set package 'uwrt_mars_rover_xbox_controller' build argument 'cmake_clean_first' from command line to 'False'
[0.574s] Level 5:colcon.colcon_core.verb:set package 'uwrt_mars_rover_xbox_controller' build argument 'cmake_force_configure' from command line to 'False'
[0.574s] Level 5:colcon.colcon_core.verb:set package 'uwrt_mars_rover_xbox_controller' build argument 'ament_cmake_args' from command line to 'None'
[0.574s] Level 5:colcon.colcon_core.verb:set package 'uwrt_mars_rover_xbox_controller' build argument 'catkin_cmake_args' from command line to 'None'
[0.574s] Level 5:colcon.colcon_core.verb:set package 'uwrt_mars_rover_xbox_controller' build argument 'catkin_skip_building_tests' from command line to 'False'
[0.574s] DEBUG:colcon.colcon_core.verb:Building package 'uwrt_mars_rover_xbox_controller' with the following arguments: {'ament_cmake_args': None, 'build_base': '/home/uwrt/xbox_test_ws/src/uwrt_mars_rover/build/uwrt_mars_rover_xbox_controller', 'catkin_cmake_args': None, 'catkin_skip_building_tests': False, 'cmake_args': None, 'cmake_clean_cache': False, 'cmake_clean_first': False, 'cmake_force_configure': False, 'cmake_target': None, 'cmake_target_skip_unavailable': False, 'install_base': '/home/uwrt/xbox_test_ws/src/uwrt_mars_rover/install/uwrt_mars_rover_xbox_controller', 'merge_install': False, 'path': '/home/uwrt/xbox_test_ws/src/uwrt_mars_rover/uwrt_mars_rover_utils/uwrt_mars_rover_xbox_controller', 'symlink_install': False, 'test_result_base': None}
[0.575s] Level 5:colcon.colcon_core.verb:set package 'uwrt_mars_rover_drivetrain_hw' build argument 'cmake_args' from command line to 'None'
[0.575s] Level 5:colcon.colcon_core.verb:set package 'uwrt_mars_rover_drivetrain_hw' build argument 'cmake_target' from command line to 'None'
[0.575s] Level 5:colcon.colcon_core.verb:set package 'uwrt_mars_rover_drivetrain_hw' build argument 'cmake_target_skip_unavailable' from command line to 'False'
[0.575s] Level 5:colcon.colcon_core.verb:set package 'uwrt_mars_rover_drivetrain_hw' build argument 'cmake_clean_cache' from command line to 'False'
[0.575s] Level 5:colcon.colcon_core.verb:set package 'uwrt_mars_rover_drivetrain_hw' build argument 'cmake_clean_first' from command line to 'False'
[0.575s] Level 5:colcon.colcon_core.verb:set package 'uwrt_mars_rover_drivetrain_hw' build argument 'cmake_force_configure' from command line to 'False'
[0.575s] Level 5:colcon.colcon_core.verb:set package 'uwrt_mars_rover_drivetrain_hw' build argument 'ament_cmake_args' from command line to 'None'
[0.575s] Level 5:colcon.colcon_core.verb:set package 'uwrt_mars_rover_drivetrain_hw' build argument 'catkin_cmake_args' from command line to 'None'
[0.575s] Level 5:colcon.colcon_core.verb:set package 'uwrt_mars_rover_drivetrain_hw' build argument 'catkin_skip_building_tests' from command line to 'False'
[0.575s] DEBUG:colcon.colcon_core.verb:Building package 'uwrt_mars_rover_drivetrain_hw' with the following arguments: {'ament_cmake_args': None, 'build_base': '/home/uwrt/xbox_test_ws/src/uwrt_mars_rover/build/uwrt_mars_rover_drivetrain_hw', 'catkin_cmake_args': None, 'catkin_skip_building_tests': False, 'cmake_args': None, 'cmake_clean_cache': False, 'cmake_clean_first': False, 'cmake_force_configure': False, 'cmake_target': None, 'cmake_target_skip_unavailable': False, 'install_base': '/home/uwrt/xbox_test_ws/src/uwrt_mars_rover/install/uwrt_mars_rover_drivetrain_hw', 'merge_install': False, 'path': '/home/uwrt/xbox_test_ws/src/uwrt_mars_rover/uwrt_mars_rover_drivetrain/uwrt_mars_rover_drivetrain_hw', 'symlink_install': False, 'test_result_base': None}
[0.576s] Level 5:colcon.colcon_core.verb:set package 'uwrt_mars_rover_drivetrain' build argument 'cmake_args' from command line to 'None'
[0.576s] Level 5:colcon.colcon_core.verb:set package 'uwrt_mars_rover_drivetrain' build argument 'cmake_target' from command line to 'None'
[0.576s] Level 5:colcon.colcon_core.verb:set package 'uwrt_mars_rover_drivetrain' build argument 'cmake_target_skip_unavailable' from command line to 'False'
[0.576s] Level 5:colcon.colcon_core.verb:set package 'uwrt_mars_rover_drivetrain' build argument 'cmake_clean_cache' from command line to 'False'
[0.576s] Level 5:colcon.colcon_core.verb:set package 'uwrt_mars_rover_drivetrain' build argument 'cmake_clean_first' from command line to 'False'
[0.576s] Level 5:colcon.colcon_core.verb:set package 'uwrt_mars_rover_drivetrain' build argument 'cmake_force_configure' from command line to 'False'
[0.576s] Level 5:colcon.colcon_core.verb:set package 'uwrt_mars_rover_drivetrain' build argument 'ament_cmake_args' from command line to 'None'
[0.576s] Level 5:colcon.colcon_core.verb:set package 'uwrt_mars_rover_drivetrain' build argument 'catkin_cmake_args' from command line to 'None'
[0.576s] Level 5:colcon.colcon_core.verb:set package 'uwrt_mars_rover_drivetrain' build argument 'catkin_skip_building_tests' from command line to 'False'
[0.577s] DEBUG:colcon.colcon_core.verb:Building package 'uwrt_mars_rover_drivetrain' with the following arguments: {'ament_cmake_args': None, 'build_base': '/home/uwrt/xbox_test_ws/src/uwrt_mars_rover/build/uwrt_mars_rover_drivetrain', 'catkin_cmake_args': None, 'catkin_skip_building_tests': False, 'cmake_args': None, 'cmake_clean_cache': False, 'cmake_clean_first': False, 'cmake_force_configure': False, 'cmake_target': None, 'cmake_target_skip_unavailable': False, 'install_base': '/home/uwrt/xbox_test_ws/src/uwrt_mars_rover/install/uwrt_mars_rover_drivetrain', 'merge_install': False, 'path': '/home/uwrt/xbox_test_ws/src/uwrt_mars_rover/uwrt_mars_rover_drivetrain/uwrt_mars_rover_drivetrain', 'symlink_install': False, 'test_result_base': None}
[0.578s] Level 5:colcon.colcon_core.verb:set package 'uwrt_mars_rover' build argument 'cmake_args' from command line to 'None'
[0.578s] Level 5:colcon.colcon_core.verb:set package 'uwrt_mars_rover' build argument 'cmake_target' from command line to 'None'
[0.578s] Level 5:colcon.colcon_core.verb:set package 'uwrt_mars_rover' build argument 'cmake_target_skip_unavailable' from command line to 'False'
[0.578s] Level 5:colcon.colcon_core.verb:set package 'uwrt_mars_rover' build argument 'cmake_clean_cache' from command line to 'False'
[0.578s] Level 5:colcon.colcon_core.verb:set package 'uwrt_mars_rover' build argument 'cmake_clean_first' from command line to 'False'
[0.578s] Level 5:colcon.colcon_core.verb:set package 'uwrt_mars_rover' build argument 'cmake_force_configure' from command line to 'False'
[0.578s] Level 5:colcon.colcon_core.verb:set package 'uwrt_mars_rover' build argument 'ament_cmake_args' from command line to 'None'
[0.578s] Level 5:colcon.colcon_core.verb:set package 'uwrt_mars_rover' build argument 'catkin_cmake_args' from command line to 'None'
[0.578s] Level 5:colcon.colcon_core.verb:set package 'uwrt_mars_rover' build argument 'catkin_skip_building_tests' from command line to 'False'
[0.578s] DEBUG:colcon.colcon_core.verb:Building package 'uwrt_mars_rover' with the following arguments: {'ament_cmake_args': None, 'build_base': '/home/uwrt/xbox_test_ws/src/uwrt_mars_rover/build/uwrt_mars_rover', 'catkin_cmake_args': None, 'catkin_skip_building_tests': False, 'cmake_args': None, 'cmake_clean_cache': False, 'cmake_clean_first': False, 'cmake_force_configure': False, 'cmake_target': None, 'cmake_target_skip_unavailable': False, 'install_base': '/home/uwrt/xbox_test_ws/src/uwrt_mars_rover/install/uwrt_mars_rover', 'merge_install': False, 'path': '/home/uwrt/xbox_test_ws/src/uwrt_mars_rover/uwrt_mars_rover', 'symlink_install': False, 'test_result_base': None}
[0.579s] INFO:colcon.colcon_core.executor:Executing jobs using 'parallel' executor
[0.582s] DEBUG:colcon.colcon_parallel_executor.executor.parallel:run_until_complete
[0.583s] INFO:colcon.colcon_ros.task.ament_cmake.build:Building ROS package in '/home/uwrt/xbox_test_ws/src/uwrt_mars_rover/uwrt_mars_rover_drivetrain/uwrt_mars_rover_drivetrain_description' with build type 'ament_cmake'
[0.583s] INFO:colcon.colcon_cmake.task.cmake.build:Building CMake package in '/home/uwrt/xbox_test_ws/src/uwrt_mars_rover/uwrt_mars_rover_drivetrain/uwrt_mars_rover_drivetrain_description'
[0.590s] INFO:colcon.colcon_core.plugin_system:Skipping extension 'colcon_core.shell.bat': Not used on non-Windows systems
[0.590s] INFO:colcon.colcon_core.shell:Skip shell extension 'powershell' for command environment: Not usable outside of PowerShell
[0.590s] DEBUG:colcon.colcon_core.shell:Skip shell extension 'dsv' for command environment
[0.600s] INFO:colcon.colcon_ros.task.ament_cmake.build:Building ROS package in '/home/uwrt/xbox_test_ws/src/uwrt_mars_rover/uwrt_mars_rover_description' with build type 'ament_cmake'
[0.601s] INFO:colcon.colcon_cmake.task.cmake.build:Building CMake package in '/home/uwrt/xbox_test_ws/src/uwrt_mars_rover/uwrt_mars_rover_description'
[0.603s] INFO:colcon.colcon_core.shell:Skip shell extension 'powershell' for command environment: Not usable outside of PowerShell
[0.603s] DEBUG:colcon.colcon_core.shell:Skip shell extension 'dsv' for command environment
[0.610s] INFO:colcon.colcon_ros.task.ament_cmake.build:Building ROS package in '/home/uwrt/xbox_test_ws/src/uwrt_mars_rover/uwrt_mars_rover_utils/uwrt_mars_rover_xbox_controller' with build type 'ament_cmake'
[0.611s] INFO:colcon.colcon_cmake.task.cmake.build:Building CMake package in '/home/uwrt/xbox_test_ws/src/uwrt_mars_rover/uwrt_mars_rover_utils/uwrt_mars_rover_xbox_controller'
[0.614s] INFO:colcon.colcon_core.shell:Skip shell extension 'powershell' for command environment: Not usable outside of PowerShell
[0.614s] DEBUG:colcon.colcon_core.shell:Skip shell extension 'dsv' for command environment
[0.635s] DEBUG:colcon.colcon_core.event_handler.log_command:Invoking command in '/home/uwrt/xbox_test_ws/src/uwrt_mars_rover/build/uwrt_mars_rover_drivetrain_description': CMAKE_PREFIX_PATH=/opt/ros/galactic /usr/bin/cmake /home/uwrt/xbox_test_ws/src/uwrt_mars_rover/uwrt_mars_rover_drivetrain/uwrt_mars_rover_drivetrain_description -DCMAKE_INSTALL_PREFIX=/home/uwrt/xbox_test_ws/src/uwrt_mars_rover/install/uwrt_mars_rover_drivetrain_description
[0.641s] DEBUG:colcon.colcon_core.event_handler.log_command:Invoking command in '/home/uwrt/xbox_test_ws/src/uwrt_mars_rover/build/uwrt_mars_rover_description': CMAKE_PREFIX_PATH=/opt/ros/galactic /usr/bin/cmake /home/uwrt/xbox_test_ws/src/uwrt_mars_rover/uwrt_mars_rover_description -DCMAKE_INSTALL_PREFIX=/home/uwrt/xbox_test_ws/src/uwrt_mars_rover/install/uwrt_mars_rover_description
[0.658s] DEBUG:colcon.colcon_core.event_handler.log_command:Invoking command in '/home/uwrt/xbox_test_ws/src/uwrt_mars_rover/build/uwrt_mars_rover_xbox_controller': CMAKE_PREFIX_PATH=/opt/ros/galactic /usr/bin/cmake /home/uwrt/xbox_test_ws/src/uwrt_mars_rover/uwrt_mars_rover_utils/uwrt_mars_rover_xbox_controller -DCMAKE_INSTALL_PREFIX=/home/uwrt/xbox_test_ws/src/uwrt_mars_rover/install/uwrt_mars_rover_xbox_controller
[2.059s] DEBUG:colcon.colcon_core.event_handler.log_command:Invoked command in '/home/uwrt/xbox_test_ws/src/uwrt_mars_rover/build/uwrt_mars_rover_drivetrain_description' returned '0': CMAKE_PREFIX_PATH=/opt/ros/galactic /usr/bin/cmake /home/uwrt/xbox_test_ws/src/uwrt_mars_rover/uwrt_mars_rover_drivetrain/uwrt_mars_rover_drivetrain_description -DCMAKE_INSTALL_PREFIX=/home/uwrt/xbox_test_ws/src/uwrt_mars_rover/install/uwrt_mars_rover_drivetrain_description
[2.067s] DEBUG:colcon.colcon_core.event_handler.log_command:Invoking command in '/home/uwrt/xbox_test_ws/src/uwrt_mars_rover/build/uwrt_mars_rover_drivetrain_description': CMAKE_PREFIX_PATH=/opt/ros/galactic /usr/bin/cmake --build /home/uwrt/xbox_test_ws/src/uwrt_mars_rover/build/uwrt_mars_rover_drivetrain_description -- -j4 -l4
[2.080s] DEBUG:colcon.colcon_core.event_handler.log_command:Invoked command in '/home/uwrt/xbox_test_ws/src/uwrt_mars_rover/build/uwrt_mars_rover_description' returned '0': CMAKE_PREFIX_PATH=/opt/ros/galactic /usr/bin/cmake /home/uwrt/xbox_test_ws/src/uwrt_mars_rover/uwrt_mars_rover_description -DCMAKE_INSTALL_PREFIX=/home/uwrt/xbox_test_ws/src/uwrt_mars_rover/install/uwrt_mars_rover_description
[2.086s] DEBUG:colcon.colcon_core.event_handler.log_command:Invoking command in '/home/uwrt/xbox_test_ws/src/uwrt_mars_rover/build/uwrt_mars_rover_description': CMAKE_PREFIX_PATH=/opt/ros/galactic /usr/bin/cmake --build /home/uwrt/xbox_test_ws/src/uwrt_mars_rover/build/uwrt_mars_rover_description -- -j4 -l4
[2.166s] DEBUG:colcon.colcon_core.event_handler.log_command:Invoked command in '/home/uwrt/xbox_test_ws/src/uwrt_mars_rover/build/uwrt_mars_rover_description' returned '0': CMAKE_PREFIX_PATH=/opt/ros/galactic /usr/bin/cmake --build /home/uwrt/xbox_test_ws/src/uwrt_mars_rover/build/uwrt_mars_rover_description -- -j4 -l4
[2.177s] DEBUG:colcon.colcon_core.event_handler.log_command:Invoked command in '/home/uwrt/xbox_test_ws/src/uwrt_mars_rover/build/uwrt_mars_rover_drivetrain_description' returned '0': CMAKE_PREFIX_PATH=/opt/ros/galactic /usr/bin/cmake --build /home/uwrt/xbox_test_ws/src/uwrt_mars_rover/build/uwrt_mars_rover_drivetrain_description -- -j4 -l4
[2.241s] DEBUG:colcon.colcon_core.event_handler.log_command:Invoking command in '/home/uwrt/xbox_test_ws/src/uwrt_mars_rover/build/uwrt_mars_rover_description': CMAKE_PREFIX_PATH=/opt/ros/galactic /usr/bin/cmake --install /home/uwrt/xbox_test_ws/src/uwrt_mars_rover/build/uwrt_mars_rover_description
[2.248s] DEBUG:colcon.colcon_core.event_handler.log_command:Invoking command in '/home/uwrt/xbox_test_ws/src/uwrt_mars_rover/build/uwrt_mars_rover_drivetrain_description': CMAKE_PREFIX_PATH=/opt/ros/galactic /usr/bin/cmake --install /home/uwrt/xbox_test_ws/src/uwrt_mars_rover/build/uwrt_mars_rover_drivetrain_description
[2.278s] Level 1:colcon.colcon_core.environment:create_environment_scripts_only(uwrt_mars_rover_description)
[2.283s] DEBUG:colcon.colcon_core.event_handler.log_command:Invoked command in '/home/uwrt/xbox_test_ws/src/uwrt_mars_rover/build/uwrt_mars_rover_description' returned '0': CMAKE_PREFIX_PATH=/opt/ros/galactic /usr/bin/cmake --install /home/uwrt/xbox_test_ws/src/uwrt_mars_rover/build/uwrt_mars_rover_description
[2.299s] Level 1:colcon.colcon_core.environment:checking '/home/uwrt/xbox_test_ws/src/uwrt_mars_rover/install/uwrt_mars_rover_description' for CMake module files
[2.300s] Level 1:colcon.colcon_core.environment:checking '/home/uwrt/xbox_test_ws/src/uwrt_mars_rover/install/uwrt_mars_rover_description' for CMake config files
[2.300s] Level 1:colcon.colcon_core.shell:create_environment_hook('uwrt_mars_rover_description', 'cmake_prefix_path')
[2.302s] INFO:colcon.colcon_core.shell:Creating environment hook '/home/uwrt/xbox_test_ws/src/uwrt_mars_rover/install/uwrt_mars_rover_description/share/uwrt_mars_rover_description/hook/cmake_prefix_path.ps1'
[2.304s] INFO:colcon.colcon_core.shell:Creating environment descriptor '/home/uwrt/xbox_test_ws/src/uwrt_mars_rover/install/uwrt_mars_rover_description/share/uwrt_mars_rover_description/hook/cmake_prefix_path.dsv'
[2.305s] INFO:colcon.colcon_core.shell:Creating environment hook '/home/uwrt/xbox_test_ws/src/uwrt_mars_rover/install/uwrt_mars_rover_description/share/uwrt_mars_rover_description/hook/cmake_prefix_path.sh'
[2.307s] Level 1:colcon.colcon_core.environment:checking '/home/uwrt/xbox_test_ws/src/uwrt_mars_rover/install/uwrt_mars_rover_description/bin'
[2.307s] Level 1:colcon.colcon_core.environment:checking '/home/uwrt/xbox_test_ws/src/uwrt_mars_rover/install/uwrt_mars_rover_description/lib/pkgconfig/uwrt_mars_rover_description.pc'
[2.307s] Level 1:colcon.colcon_core.environment:checking '/home/uwrt/xbox_test_ws/src/uwrt_mars_rover/install/uwrt_mars_rover_description/lib/python3.8/site-packages'
[2.308s] Level 1:colcon.colcon_core.environment:checking '/home/uwrt/xbox_test_ws/src/uwrt_mars_rover/install/uwrt_mars_rover_description/bin'
[2.310s] INFO:colcon.colcon_core.shell:Creating package script '/home/uwrt/xbox_test_ws/src/uwrt_mars_rover/install/uwrt_mars_rover_description/share/uwrt_mars_rover_description/package.ps1'
[2.311s] INFO:colcon.colcon_core.shell:Creating package descriptor '/home/uwrt/xbox_test_ws/src/uwrt_mars_rover/install/uwrt_mars_rover_description/share/uwrt_mars_rover_description/package.dsv'
[2.312s] INFO:colcon.colcon_core.shell:Creating package script '/home/uwrt/xbox_test_ws/src/uwrt_mars_rover/install/uwrt_mars_rover_description/share/uwrt_mars_rover_description/package.sh'
[2.313s] INFO:colcon.colcon_core.shell:Creating package script '/home/uwrt/xbox_test_ws/src/uwrt_mars_rover/install/uwrt_mars_rover_description/share/uwrt_mars_rover_description/package.bash'
[2.314s] INFO:colcon.colcon_core.shell:Creating package script '/home/uwrt/xbox_test_ws/src/uwrt_mars_rover/install/uwrt_mars_rover_description/share/uwrt_mars_rover_description/package.zsh'
[2.315s] Level 1:colcon.colcon_core.environment:create_file_with_runtime_dependencies(/home/uwrt/xbox_test_ws/src/uwrt_mars_rover/install/uwrt_mars_rover_description/share/colcon-core/packages/uwrt_mars_rover_description)
[2.324s] Level 1:colcon.colcon_core.environment:create_environment_scripts_only(uwrt_mars_rover_drivetrain_description)
[2.332s] Level 1:colcon.colcon_core.environment:checking '/home/uwrt/xbox_test_ws/src/uwrt_mars_rover/install/uwrt_mars_rover_drivetrain_description' for CMake module files
[2.333s] DEBUG:colcon.colcon_core.event_handler.log_command:Invoked command in '/home/uwrt/xbox_test_ws/src/uwrt_mars_rover/build/uwrt_mars_rover_drivetrain_description' returned '0': CMAKE_PREFIX_PATH=/opt/ros/galactic /usr/bin/cmake --install /home/uwrt/xbox_test_ws/src/uwrt_mars_rover/build/uwrt_mars_rover_drivetrain_description
[2.334s] Level 1:colcon.colcon_core.environment:checking '/home/uwrt/xbox_test_ws/src/uwrt_mars_rover/install/uwrt_mars_rover_drivetrain_description' for CMake config files
[2.335s] Level 1:colcon.colcon_core.shell:create_environment_hook('uwrt_mars_rover_drivetrain_description', 'cmake_prefix_path')
[2.341s] INFO:colcon.colcon_core.shell:Creating environment hook '/home/uwrt/xbox_test_ws/src/uwrt_mars_rover/install/uwrt_mars_rover_drivetrain_description/share/uwrt_mars_rover_drivetrain_description/hook/cmake_prefix_path.ps1'
[2.343s] INFO:colcon.colcon_core.shell:Creating environment descriptor '/home/uwrt/xbox_test_ws/src/uwrt_mars_rover/install/uwrt_mars_rover_drivetrain_description/share/uwrt_mars_rover_drivetrain_description/hook/cmake_prefix_path.dsv'
[2.344s] INFO:colcon.colcon_core.shell:Creating environment hook '/home/uwrt/xbox_test_ws/src/uwrt_mars_rover/install/uwrt_mars_rover_drivetrain_description/share/uwrt_mars_rover_drivetrain_description/hook/cmake_prefix_path.sh'
[2.345s] Level 1:colcon.colcon_core.environment:checking '/home/uwrt/xbox_test_ws/src/uwrt_mars_rover/install/uwrt_mars_rover_drivetrain_description/bin'
[2.345s] Level 1:colcon.colcon_core.environment:checking '/home/uwrt/xbox_test_ws/src/uwrt_mars_rover/install/uwrt_mars_rover_drivetrain_description/lib/pkgconfig/uwrt_mars_rover_drivetrain_description.pc'
[2.345s] Level 1:colcon.colcon_core.environment:checking '/home/uwrt/xbox_test_ws/src/uwrt_mars_rover/install/uwrt_mars_rover_drivetrain_description/lib/python3.8/site-packages'
[2.346s] Level 1:colcon.colcon_core.environment:checking '/home/uwrt/xbox_test_ws/src/uwrt_mars_rover/install/uwrt_mars_rover_drivetrain_description/bin'
[2.350s] INFO:colcon.colcon_core.shell:Creating package script '/home/uwrt/xbox_test_ws/src/uwrt_mars_rover/install/uwrt_mars_rover_drivetrain_description/share/uwrt_mars_rover_drivetrain_description/package.ps1'
[2.351s] INFO:colcon.colcon_core.shell:Creating package descriptor '/home/uwrt/xbox_test_ws/src/uwrt_mars_rover/install/uwrt_mars_rover_drivetrain_description/share/uwrt_mars_rover_drivetrain_description/package.dsv'
[2.352s] INFO:colcon.colcon_core.shell:Creating package script '/home/uwrt/xbox_test_ws/src/uwrt_mars_rover/install/uwrt_mars_rover_drivetrain_description/share/uwrt_mars_rover_drivetrain_description/package.sh'
[2.354s] INFO:colcon.colcon_core.shell:Creating package script '/home/uwrt/xbox_test_ws/src/uwrt_mars_rover/install/uwrt_mars_rover_drivetrain_description/share/uwrt_mars_rover_drivetrain_description/package.bash'
[2.354s] INFO:colcon.colcon_core.shell:Creating package script '/home/uwrt/xbox_test_ws/src/uwrt_mars_rover/install/uwrt_mars_rover_drivetrain_description/share/uwrt_mars_rover_drivetrain_description/package.zsh'
[2.355s] Level 1:colcon.colcon_core.environment:create_file_with_runtime_dependencies(/home/uwrt/xbox_test_ws/src/uwrt_mars_rover/install/uwrt_mars_rover_drivetrain_description/share/colcon-core/packages/uwrt_mars_rover_drivetrain_description)
[2.367s] Level 1:colcon.colcon_core.environment:create_environment_scripts_only(uwrt_mars_rover_description)
[2.372s] Level 1:colcon.colcon_core.environment:checking '/home/uwrt/xbox_test_ws/src/uwrt_mars_rover/install/uwrt_mars_rover_description' for CMake module files
[2.373s] Level 1:colcon.colcon_core.environment:checking '/home/uwrt/xbox_test_ws/src/uwrt_mars_rover/install/uwrt_mars_rover_description' for CMake config files
[2.374s] Level 1:colcon.colcon_core.shell:create_environment_hook('uwrt_mars_rover_description', 'cmake_prefix_path')
[2.377s] INFO:colcon.colcon_core.shell:Creating environment hook '/home/uwrt/xbox_test_ws/src/uwrt_mars_rover/install/uwrt_mars_rover_description/share/uwrt_mars_rover_description/hook/cmake_prefix_path.ps1'
[2.378s] INFO:colcon.colcon_core.shell:Creating environment descriptor '/home/uwrt/xbox_test_ws/src/uwrt_mars_rover/install/uwrt_mars_rover_description/share/uwrt_mars_rover_description/hook/cmake_prefix_path.dsv'
[2.379s] INFO:colcon.colcon_core.shell:Creating environment hook '/home/uwrt/xbox_test_ws/src/uwrt_mars_rover/install/uwrt_mars_rover_description/share/uwrt_mars_rover_description/hook/cmake_prefix_path.sh'
[2.380s] Level 1:colcon.colcon_core.environment:checking '/home/uwrt/xbox_test_ws/src/uwrt_mars_rover/install/uwrt_mars_rover_description/bin'
[2.380s] Level 1:colcon.colcon_core.environment:checking '/home/uwrt/xbox_test_ws/src/uwrt_mars_rover/install/uwrt_mars_rover_description/lib/pkgconfig/uwrt_mars_rover_description.pc'
[2.380s] Level 1:colcon.colcon_core.environment:checking '/home/uwrt/xbox_test_ws/src/uwrt_mars_rover/install/uwrt_mars_rover_description/lib/python3.8/site-packages'
[2.381s] Level 1:colcon.colcon_core.environment:checking '/home/uwrt/xbox_test_ws/src/uwrt_mars_rover/install/uwrt_mars_rover_description/bin'
[2.382s] INFO:colcon.colcon_core.shell:Creating package script '/home/uwrt/xbox_test_ws/src/uwrt_mars_rover/install/uwrt_mars_rover_description/share/uwrt_mars_rover_description/package.ps1'
[2.383s] INFO:colcon.colcon_core.shell:Creating package descriptor '/home/uwrt/xbox_test_ws/src/uwrt_mars_rover/install/uwrt_mars_rover_description/share/uwrt_mars_rover_description/package.dsv'
[2.384s] INFO:colcon.colcon_core.shell:Creating package script '/home/uwrt/xbox_test_ws/src/uwrt_mars_rover/install/uwrt_mars_rover_description/share/uwrt_mars_rover_description/package.sh'
[2.385s] INFO:colcon.colcon_core.shell:Creating package script '/home/uwrt/xbox_test_ws/src/uwrt_mars_rover/install/uwrt_mars_rover_description/share/uwrt_mars_rover_description/package.bash'
[2.386s] INFO:colcon.colcon_core.shell:Creating package script '/home/uwrt/xbox_test_ws/src/uwrt_mars_rover/install/uwrt_mars_rover_description/share/uwrt_mars_rover_description/package.zsh'
[2.388s] Level 1:colcon.colcon_core.environment:create_file_with_runtime_dependencies(/home/uwrt/xbox_test_ws/src/uwrt_mars_rover/install/uwrt_mars_rover_description/share/colcon-core/packages/uwrt_mars_rover_description)
[2.409s] Level 1:colcon.colcon_core.environment:create_environment_scripts_only(uwrt_mars_rover_drivetrain_description)
[2.413s] Level 1:colcon.colcon_core.environment:checking '/home/uwrt/xbox_test_ws/src/uwrt_mars_rover/install/uwrt_mars_rover_drivetrain_description' for CMake module files
[2.414s] Level 1:colcon.colcon_core.environment:checking '/home/uwrt/xbox_test_ws/src/uwrt_mars_rover/install/uwrt_mars_rover_drivetrain_description' for CMake config files
[2.414s] Level 1:colcon.colcon_core.shell:create_environment_hook('uwrt_mars_rover_drivetrain_description', 'cmake_prefix_path')
[2.416s] INFO:colcon.colcon_core.shell:Creating environment hook '/home/uwrt/xbox_test_ws/src/uwrt_mars_rover/install/uwrt_mars_rover_drivetrain_description/share/uwrt_mars_rover_drivetrain_description/hook/cmake_prefix_path.ps1'
[2.417s] INFO:colcon.colcon_core.shell:Creating environment descriptor '/home/uwrt/xbox_test_ws/src/uwrt_mars_rover/install/uwrt_mars_rover_drivetrain_description/share/uwrt_mars_rover_drivetrain_description/hook/cmake_prefix_path.dsv'
[2.417s] INFO:colcon.colcon_core.shell:Creating environment hook '/home/uwrt/xbox_test_ws/src/uwrt_mars_rover/install/uwrt_mars_rover_drivetrain_description/share/uwrt_mars_rover_drivetrain_description/hook/cmake_prefix_path.sh'
[2.418s] Level 1:colcon.colcon_core.environment:checking '/home/uwrt/xbox_test_ws/src/uwrt_mars_rover/install/uwrt_mars_rover_drivetrain_description/bin'
[2.418s] Level 1:colcon.colcon_core.environment:checking '/home/uwrt/xbox_test_ws/src/uwrt_mars_rover/install/uwrt_mars_rover_drivetrain_description/lib/pkgconfig/uwrt_mars_rover_drivetrain_description.pc'
[2.418s] Level 1:colcon.colcon_core.environment:checking '/home/uwrt/xbox_test_ws/src/uwrt_mars_rover/install/uwrt_mars_rover_drivetrain_description/lib/python3.8/site-packages'
[2.419s] Level 1:colcon.colcon_core.environment:checking '/home/uwrt/xbox_test_ws/src/uwrt_mars_rover/install/uwrt_mars_rover_drivetrain_description/bin'
[2.421s] INFO:colcon.colcon_core.shell:Creating package script '/home/uwrt/xbox_test_ws/src/uwrt_mars_rover/install/uwrt_mars_rover_drivetrain_description/share/uwrt_mars_rover_drivetrain_description/package.ps1'
[2.421s] INFO:colcon.colcon_core.shell:Creating package descriptor '/home/uwrt/xbox_test_ws/src/uwrt_mars_rover/install/uwrt_mars_rover_drivetrain_description/share/uwrt_mars_rover_drivetrain_description/package.dsv'
[2.423s] INFO:colcon.colcon_core.shell:Creating package script '/home/uwrt/xbox_test_ws/src/uwrt_mars_rover/install/uwrt_mars_rover_drivetrain_description/share/uwrt_mars_rover_drivetrain_description/package.sh'
[2.424s] INFO:colcon.colcon_core.shell:Creating package script '/home/uwrt/xbox_test_ws/src/uwrt_mars_rover/install/uwrt_mars_rover_drivetrain_description/share/uwrt_mars_rover_drivetrain_description/package.bash'
[2.426s] INFO:colcon.colcon_core.shell:Creating package script '/home/uwrt/xbox_test_ws/src/uwrt_mars_rover/install/uwrt_mars_rover_drivetrain_description/share/uwrt_mars_rover_drivetrain_description/package.zsh'
[2.427s] Level 1:colcon.colcon_core.environment:create_file_with_runtime_dependencies(/home/uwrt/xbox_test_ws/src/uwrt_mars_rover/install/uwrt_mars_rover_drivetrain_description/share/colcon-core/packages/uwrt_mars_rover_drivetrain_description)
[2.428s] INFO:colcon.colcon_ros.task.ament_cmake.build:Building ROS package in '/home/uwrt/xbox_test_ws/src/uwrt_mars_rover/uwrt_mars_rover_drivetrain/uwrt_mars_rover_drivetrain_hw' with build type 'ament_cmake'
[2.428s] INFO:colcon.colcon_cmake.task.cmake.build:Building CMake package in '/home/uwrt/xbox_test_ws/src/uwrt_mars_rover/uwrt_mars_rover_drivetrain/uwrt_mars_rover_drivetrain_hw'
[2.431s] INFO:colcon.colcon_core.shell:Skip shell extension 'powershell' for command environment: Not usable outside of PowerShell
[2.431s] DEBUG:colcon.colcon_core.shell:Skip shell extension 'dsv' for command environment
[2.456s] DEBUG:colcon.colcon_core.event_handler.log_command:Invoking command in '/home/uwrt/xbox_test_ws/src/uwrt_mars_rover/build/uwrt_mars_rover_drivetrain_hw': AMENT_PREFIX_PATH=/home/uwrt/xbox_test_ws/src/uwrt_mars_rover/install/uwrt_mars_rover_drivetrain_description:${AMENT_PREFIX_PATH} CMAKE_PREFIX_PATH=/home/uwrt/xbox_test_ws/src/uwrt_mars_rover/install/uwrt_mars_rover_drivetrain_description:/opt/ros/galactic /usr/bin/cmake /home/uwrt/xbox_test_ws/src/uwrt_mars_rover/uwrt_mars_rover_drivetrain/uwrt_mars_rover_drivetrain_hw -DCMAKE_INSTALL_PREFIX=/home/uwrt/xbox_test_ws/src/uwrt_mars_rover/install/uwrt_mars_rover_drivetrain_hw
[4.857s] DEBUG:colcon.colcon_core.event_handler.log_command:Invoked command in '/home/uwrt/xbox_test_ws/src/uwrt_mars_rover/build/uwrt_mars_rover_xbox_controller' returned '0': CMAKE_PREFIX_PATH=/opt/ros/galactic /usr/bin/cmake /home/uwrt/xbox_test_ws/src/uwrt_mars_rover/uwrt_mars_rover_utils/uwrt_mars_rover_xbox_controller -DCMAKE_INSTALL_PREFIX=/home/uwrt/xbox_test_ws/src/uwrt_mars_rover/install/uwrt_mars_rover_xbox_controller
[4.861s] DEBUG:colcon.colcon_core.event_handler.log_command:Invoking command in '/home/uwrt/xbox_test_ws/src/uwrt_mars_rover/build/uwrt_mars_rover_xbox_controller': CMAKE_PREFIX_PATH=/opt/ros/galactic /usr/bin/cmake --build /home/uwrt/xbox_test_ws/src/uwrt_mars_rover/build/uwrt_mars_rover_xbox_controller -- -j4 -l4
[6.657s] DEBUG:colcon.colcon_core.event_handler.log_command:Invoked command in '/home/uwrt/xbox_test_ws/src/uwrt_mars_rover/build/uwrt_mars_rover_drivetrain_hw' returned '0': AMENT_PREFIX_PATH=/home/uwrt/xbox_test_ws/src/uwrt_mars_rover/install/uwrt_mars_rover_drivetrain_description:${AMENT_PREFIX_PATH} CMAKE_PREFIX_PATH=/home/uwrt/xbox_test_ws/src/uwrt_mars_rover/install/uwrt_mars_rover_drivetrain_description:/opt/ros/galactic /usr/bin/cmake /home/uwrt/xbox_test_ws/src/uwrt_mars_rover/uwrt_mars_rover_drivetrain/uwrt_mars_rover_drivetrain_hw -DCMAKE_INSTALL_PREFIX=/home/uwrt/xbox_test_ws/src/uwrt_mars_rover/install/uwrt_mars_rover_drivetrain_hw
[6.658s] DEBUG:colcon.colcon_core.event_handler.log_command:Invoking command in '/home/uwrt/xbox_test_ws/src/uwrt_mars_rover/build/uwrt_mars_rover_drivetrain_hw': AMENT_PREFIX_PATH=/home/uwrt/xbox_test_ws/src/uwrt_mars_rover/install/uwrt_mars_rover_drivetrain_description:${AMENT_PREFIX_PATH} CMAKE_PREFIX_PATH=/home/uwrt/xbox_test_ws/src/uwrt_mars_rover/install/uwrt_mars_rover_drivetrain_description:/opt/ros/galactic /usr/bin/cmake --build /home/uwrt/xbox_test_ws/src/uwrt_mars_rover/build/uwrt_mars_rover_drivetrain_hw -- -j4 -l4
[12.944s] DEBUG:colcon.colcon_core.event_handler.log_command:Invoked command in '/home/uwrt/xbox_test_ws/src/uwrt_mars_rover/build/uwrt_mars_rover_drivetrain_hw' returned '0': AMENT_PREFIX_PATH=/home/uwrt/xbox_test_ws/src/uwrt_mars_rover/install/uwrt_mars_rover_drivetrain_description:${AMENT_PREFIX_PATH} CMAKE_PREFIX_PATH=/home/uwrt/xbox_test_ws/src/uwrt_mars_rover/install/uwrt_mars_rover_drivetrain_description:/opt/ros/galactic /usr/bin/cmake --build /home/uwrt/xbox_test_ws/src/uwrt_mars_rover/build/uwrt_mars_rover_drivetrain_hw -- -j4 -l4
[12.994s] DEBUG:colcon.colcon_core.event_handler.log_command:Invoking command in '/home/uwrt/xbox_test_ws/src/uwrt_mars_rover/build/uwrt_mars_rover_drivetrain_hw': AMENT_PREFIX_PATH=/home/uwrt/xbox_test_ws/src/uwrt_mars_rover/install/uwrt_mars_rover_drivetrain_description:${AMENT_PREFIX_PATH} CMAKE_PREFIX_PATH=/home/uwrt/xbox_test_ws/src/uwrt_mars_rover/install/uwrt_mars_rover_drivetrain_description:/opt/ros/galactic /usr/bin/cmake --install /home/uwrt/xbox_test_ws/src/uwrt_mars_rover/build/uwrt_mars_rover_drivetrain_hw
[13.025s] Level 1:colcon.colcon_core.environment:create_environment_scripts_only(uwrt_mars_rover_drivetrain_hw)
[13.031s] Level 1:colcon.colcon_core.environment:checking '/home/uwrt/xbox_test_ws/src/uwrt_mars_rover/install/uwrt_mars_rover_drivetrain_hw' for CMake module files
[13.032s] DEBUG:colcon.colcon_core.event_handler.log_command:Invoked command in '/home/uwrt/xbox_test_ws/src/uwrt_mars_rover/build/uwrt_mars_rover_drivetrain_hw' returned '0': AMENT_PREFIX_PATH=/home/uwrt/xbox_test_ws/src/uwrt_mars_rover/install/uwrt_mars_rover_drivetrain_description:${AMENT_PREFIX_PATH} CMAKE_PREFIX_PATH=/home/uwrt/xbox_test_ws/src/uwrt_mars_rover/install/uwrt_mars_rover_drivetrain_description:/opt/ros/galactic /usr/bin/cmake --install /home/uwrt/xbox_test_ws/src/uwrt_mars_rover/build/uwrt_mars_rover_drivetrain_hw
[13.033s] Level 1:colcon.colcon_core.environment:checking '/home/uwrt/xbox_test_ws/src/uwrt_mars_rover/install/uwrt_mars_rover_drivetrain_hw' for CMake config files
[13.033s] Level 1:colcon.colcon_core.shell:create_environment_hook('uwrt_mars_rover_drivetrain_hw', 'cmake_prefix_path')
[13.037s] INFO:colcon.colcon_core.shell:Creating environment hook '/home/uwrt/xbox_test_ws/src/uwrt_mars_rover/install/uwrt_mars_rover_drivetrain_hw/share/uwrt_mars_rover_drivetrain_hw/hook/cmake_prefix_path.ps1'
[13.038s] INFO:colcon.colcon_core.shell:Creating environment descriptor '/home/uwrt/xbox_test_ws/src/uwrt_mars_rover/install/uwrt_mars_rover_drivetrain_hw/share/uwrt_mars_rover_drivetrain_hw/hook/cmake_prefix_path.dsv'
[13.038s] INFO:colcon.colcon_core.shell:Creating environment hook '/home/uwrt/xbox_test_ws/src/uwrt_mars_rover/install/uwrt_mars_rover_drivetrain_hw/share/uwrt_mars_rover_drivetrain_hw/hook/cmake_prefix_path.sh'
[13.039s] Level 1:colcon.colcon_core.environment:checking '/home/uwrt/xbox_test_ws/src/uwrt_mars_rover/install/uwrt_mars_rover_drivetrain_hw/lib'
[13.040s] Level 1:colcon.colcon_core.shell:create_environment_hook('uwrt_mars_rover_drivetrain_hw', 'ld_library_path_lib')
[13.043s] INFO:colcon.colcon_core.shell:Creating environment hook '/home/uwrt/xbox_test_ws/src/uwrt_mars_rover/install/uwrt_mars_rover_drivetrain_hw/share/uwrt_mars_rover_drivetrain_hw/hook/ld_library_path_lib.ps1'
[13.044s] INFO:colcon.colcon_core.shell:Creating environment descriptor '/home/uwrt/xbox_test_ws/src/uwrt_mars_rover/install/uwrt_mars_rover_drivetrain_hw/share/uwrt_mars_rover_drivetrain_hw/hook/ld_library_path_lib.dsv'
[13.044s] INFO:colcon.colcon_core.shell:Creating environment hook '/home/uwrt/xbox_test_ws/src/uwrt_mars_rover/install/uwrt_mars_rover_drivetrain_hw/share/uwrt_mars_rover_drivetrain_hw/hook/ld_library_path_lib.sh'
[13.045s] Level 1:colcon.colcon_core.environment:checking '/home/uwrt/xbox_test_ws/src/uwrt_mars_rover/install/uwrt_mars_rover_drivetrain_hw/bin'
[13.045s] Level 1:colcon.colcon_core.environment:checking '/home/uwrt/xbox_test_ws/src/uwrt_mars_rover/install/uwrt_mars_rover_drivetrain_hw/lib/pkgconfig/uwrt_mars_rover_drivetrain_hw.pc'
[13.046s] Level 1:colcon.colcon_core.environment:checking '/home/uwrt/xbox_test_ws/src/uwrt_mars_rover/install/uwrt_mars_rover_drivetrain_hw/lib/python3.8/site-packages'
[13.046s] Level 1:colcon.colcon_core.environment:checking '/home/uwrt/xbox_test_ws/src/uwrt_mars_rover/install/uwrt_mars_rover_drivetrain_hw/bin'
[13.050s] INFO:colcon.colcon_core.shell:Creating package script '/home/uwrt/xbox_test_ws/src/uwrt_mars_rover/install/uwrt_mars_rover_drivetrain_hw/share/uwrt_mars_rover_drivetrain_hw/package.ps1'
[13.051s] INFO:colcon.colcon_core.shell:Creating package descriptor '/home/uwrt/xbox_test_ws/src/uwrt_mars_rover/install/uwrt_mars_rover_drivetrain_hw/share/uwrt_mars_rover_drivetrain_hw/package.dsv'
[13.051s] INFO:colcon.colcon_core.shell:Creating package script '/home/uwrt/xbox_test_ws/src/uwrt_mars_rover/install/uwrt_mars_rover_drivetrain_hw/share/uwrt_mars_rover_drivetrain_hw/package.sh'
[13.052s] INFO:colcon.colcon_core.shell:Creating package script '/home/uwrt/xbox_test_ws/src/uwrt_mars_rover/install/uwrt_mars_rover_drivetrain_hw/share/uwrt_mars_rover_drivetrain_hw/package.bash'
[13.053s] INFO:colcon.colcon_core.shell:Creating package script '/home/uwrt/xbox_test_ws/src/uwrt_mars_rover/install/uwrt_mars_rover_drivetrain_hw/share/uwrt_mars_rover_drivetrain_hw/package.zsh'
[13.053s] Level 1:colcon.colcon_core.environment:create_file_with_runtime_dependencies(/home/uwrt/xbox_test_ws/src/uwrt_mars_rover/install/uwrt_mars_rover_drivetrain_hw/share/colcon-core/packages/uwrt_mars_rover_drivetrain_hw)
[13.096s] Level 1:colcon.colcon_core.environment:create_environment_scripts_only(uwrt_mars_rover_drivetrain_hw)
[13.098s] Level 1:colcon.colcon_core.environment:checking '/home/uwrt/xbox_test_ws/src/uwrt_mars_rover/install/uwrt_mars_rover_drivetrain_hw' for CMake module files
[13.099s] Level 1:colcon.colcon_core.environment:checking '/home/uwrt/xbox_test_ws/src/uwrt_mars_rover/install/uwrt_mars_rover_drivetrain_hw' for CMake config files
[13.100s] Level 1:colcon.colcon_core.shell:create_environment_hook('uwrt_mars_rover_drivetrain_hw', 'cmake_prefix_path')
[13.103s] INFO:colcon.colcon_core.shell:Creating environment hook '/home/uwrt/xbox_test_ws/src/uwrt_mars_rover/install/uwrt_mars_rover_drivetrain_hw/share/uwrt_mars_rover_drivetrain_hw/hook/cmake_prefix_path.ps1'
[13.104s] INFO:colcon.colcon_core.shell:Creating environment descriptor '/home/uwrt/xbox_test_ws/src/uwrt_mars_rover/install/uwrt_mars_rover_drivetrain_hw/share/uwrt_mars_rover_drivetrain_hw/hook/cmake_prefix_path.dsv'
[13.104s] INFO:colcon.colcon_core.shell:Creating environment hook '/home/uwrt/xbox_test_ws/src/uwrt_mars_rover/install/uwrt_mars_rover_drivetrain_hw/share/uwrt_mars_rover_drivetrain_hw/hook/cmake_prefix_path.sh'
[13.105s] Level 1:colcon.colcon_core.environment:checking '/home/uwrt/xbox_test_ws/src/uwrt_mars_rover/install/uwrt_mars_rover_drivetrain_hw/lib'
[13.105s] Level 1:colcon.colcon_core.shell:create_environment_hook('uwrt_mars_rover_drivetrain_hw', 'ld_library_path_lib')
[13.107s] INFO:colcon.colcon_core.shell:Creating environment hook '/home/uwrt/xbox_test_ws/src/uwrt_mars_rover/install/uwrt_mars_rover_drivetrain_hw/share/uwrt_mars_rover_drivetrain_hw/hook/ld_library_path_lib.ps1'
[13.107s] INFO:colcon.colcon_core.shell:Creating environment descriptor '/home/uwrt/xbox_test_ws/src/uwrt_mars_rover/install/uwrt_mars_rover_drivetrain_hw/share/uwrt_mars_rover_drivetrain_hw/hook/ld_library_path_lib.dsv'
[13.108s] INFO:colcon.colcon_core.shell:Creating environment hook '/home/uwrt/xbox_test_ws/src/uwrt_mars_rover/install/uwrt_mars_rover_drivetrain_hw/share/uwrt_mars_rover_drivetrain_hw/hook/ld_library_path_lib.sh'
[13.108s] Level 1:colcon.colcon_core.environment:checking '/home/uwrt/xbox_test_ws/src/uwrt_mars_rover/install/uwrt_mars_rover_drivetrain_hw/bin'
[13.108s] Level 1:colcon.colcon_core.environment:checking '/home/uwrt/xbox_test_ws/src/uwrt_mars_rover/install/uwrt_mars_rover_drivetrain_hw/lib/pkgconfig/uwrt_mars_rover_drivetrain_hw.pc'
[13.109s] Level 1:colcon.colcon_core.environment:checking '/home/uwrt/xbox_test_ws/src/uwrt_mars_rover/install/uwrt_mars_rover_drivetrain_hw/lib/python3.8/site-packages'
[13.109s] Level 1:colcon.colcon_core.environment:checking '/home/uwrt/xbox_test_ws/src/uwrt_mars_rover/install/uwrt_mars_rover_drivetrain_hw/bin'
[13.111s] INFO:colcon.colcon_core.shell:Creating package script '/home/uwrt/xbox_test_ws/src/uwrt_mars_rover/install/uwrt_mars_rover_drivetrain_hw/share/uwrt_mars_rover_drivetrain_hw/package.ps1'
[13.111s] INFO:colcon.colcon_core.shell:Creating package descriptor '/home/uwrt/xbox_test_ws/src/uwrt_mars_rover/install/uwrt_mars_rover_drivetrain_hw/share/uwrt_mars_rover_drivetrain_hw/package.dsv'
[13.112s] INFO:colcon.colcon_core.shell:Creating package script '/home/uwrt/xbox_test_ws/src/uwrt_mars_rover/install/uwrt_mars_rover_drivetrain_hw/share/uwrt_mars_rover_drivetrain_hw/package.sh'
[13.113s] INFO:colcon.colcon_core.shell:Creating package script '/home/uwrt/xbox_test_ws/src/uwrt_mars_rover/install/uwrt_mars_rover_drivetrain_hw/share/uwrt_mars_rover_drivetrain_hw/package.bash'
[13.113s] INFO:colcon.colcon_core.shell:Creating package script '/home/uwrt/xbox_test_ws/src/uwrt_mars_rover/install/uwrt_mars_rover_drivetrain_hw/share/uwrt_mars_rover_drivetrain_hw/package.zsh'
[13.114s] Level 1:colcon.colcon_core.environment:create_file_with_runtime_dependencies(/home/uwrt/xbox_test_ws/src/uwrt_mars_rover/install/uwrt_mars_rover_drivetrain_hw/share/colcon-core/packages/uwrt_mars_rover_drivetrain_hw)
[13.114s] INFO:colcon.colcon_ros.task.ament_cmake.build:Building ROS package in '/home/uwrt/xbox_test_ws/src/uwrt_mars_rover/uwrt_mars_rover_drivetrain/uwrt_mars_rover_drivetrain' with build type 'ament_cmake'
[13.115s] INFO:colcon.colcon_cmake.task.cmake.build:Building CMake package in '/home/uwrt/xbox_test_ws/src/uwrt_mars_rover/uwrt_mars_rover_drivetrain/uwrt_mars_rover_drivetrain'
[13.117s] INFO:colcon.colcon_core.shell:Skip shell extension 'powershell' for command environment: Not usable outside of PowerShell
[13.117s] DEBUG:colcon.colcon_core.shell:Skip shell extension 'dsv' for command environment
[13.139s] DEBUG:colcon.colcon_core.event_handler.log_command:Invoking command in '/home/uwrt/xbox_test_ws/src/uwrt_mars_rover/build/uwrt_mars_rover_drivetrain': AMENT_PREFIX_PATH=/home/uwrt/xbox_test_ws/src/uwrt_mars_rover/install/uwrt_mars_rover_drivetrain_hw:/home/uwrt/xbox_test_ws/src/uwrt_mars_rover/install/uwrt_mars_rover_drivetrain_description:${AMENT_PREFIX_PATH} CMAKE_PREFIX_PATH=/home/uwrt/xbox_test_ws/src/uwrt_mars_rover/install/uwrt_mars_rover_drivetrain_hw:/home/uwrt/xbox_test_ws/src/uwrt_mars_rover/install/uwrt_mars_rover_drivetrain_description:/opt/ros/galactic LD_LIBRARY_PATH=/home/uwrt/xbox_test_ws/src/uwrt_mars_rover/install/uwrt_mars_rover_drivetrain_hw/lib:${LD_LIBRARY_PATH} /usr/bin/cmake /home/uwrt/xbox_test_ws/src/uwrt_mars_rover/uwrt_mars_rover_drivetrain/uwrt_mars_rover_drivetrain -DCMAKE_INSTALL_PREFIX=/home/uwrt/xbox_test_ws/src/uwrt_mars_rover/install/uwrt_mars_rover_drivetrain
[14.565s] DEBUG:colcon.colcon_core.event_handler.log_command:Invoked command in '/home/uwrt/xbox_test_ws/src/uwrt_mars_rover/build/uwrt_mars_rover_drivetrain' returned '0': AMENT_PREFIX_PATH=/home/uwrt/xbox_test_ws/src/uwrt_mars_rover/install/uwrt_mars_rover_drivetrain_hw:/home/uwrt/xbox_test_ws/src/uwrt_mars_rover/install/uwrt_mars_rover_drivetrain_description:${AMENT_PREFIX_PATH} CMAKE_PREFIX_PATH=/home/uwrt/xbox_test_ws/src/uwrt_mars_rover/install/uwrt_mars_rover_drivetrain_hw:/home/uwrt/xbox_test_ws/src/uwrt_mars_rover/install/uwrt_mars_rover_drivetrain_description:/opt/ros/galactic LD_LIBRARY_PATH=/home/uwrt/xbox_test_ws/src/uwrt_mars_rover/install/uwrt_mars_rover_drivetrain_hw/lib:${LD_LIBRARY_PATH} /usr/bin/cmake /home/uwrt/xbox_test_ws/src/uwrt_mars_rover/uwrt_mars_rover_drivetrain/uwrt_mars_rover_drivetrain -DCMAKE_INSTALL_PREFIX=/home/uwrt/xbox_test_ws/src/uwrt_mars_rover/install/uwrt_mars_rover_drivetrain
[14.567s] DEBUG:colcon.colcon_core.event_handler.log_command:Invoking command in '/home/uwrt/xbox_test_ws/src/uwrt_mars_rover/build/uwrt_mars_rover_drivetrain': AMENT_PREFIX_PATH=/home/uwrt/xbox_test_ws/src/uwrt_mars_rover/install/uwrt_mars_rover_drivetrain_hw:/home/uwrt/xbox_test_ws/src/uwrt_mars_rover/install/uwrt_mars_rover_drivetrain_description:${AMENT_PREFIX_PATH} CMAKE_PREFIX_PATH=/home/uwrt/xbox_test_ws/src/uwrt_mars_rover/install/uwrt_mars_rover_drivetrain_hw:/home/uwrt/xbox_test_ws/src/uwrt_mars_rover/install/uwrt_mars_rover_drivetrain_description:/opt/ros/galactic LD_LIBRARY_PATH=/home/uwrt/xbox_test_ws/src/uwrt_mars_rover/install/uwrt_mars_rover_drivetrain_hw/lib:${LD_LIBRARY_PATH} /usr/bin/cmake --build /home/uwrt/xbox_test_ws/src/uwrt_mars_rover/build/uwrt_mars_rover_drivetrain -- -j4 -l4
[14.651s] DEBUG:colcon.colcon_core.event_handler.log_command:Invoked command in '/home/uwrt/xbox_test_ws/src/uwrt_mars_rover/build/uwrt_mars_rover_drivetrain' returned '0': AMENT_PREFIX_PATH=/home/uwrt/xbox_test_ws/src/uwrt_mars_rover/install/uwrt_mars_rover_drivetrain_hw:/home/uwrt/xbox_test_ws/src/uwrt_mars_rover/install/uwrt_mars_rover_drivetrain_description:${AMENT_PREFIX_PATH} CMAKE_PREFIX_PATH=/home/uwrt/xbox_test_ws/src/uwrt_mars_rover/install/uwrt_mars_rover_drivetrain_hw:/home/uwrt/xbox_test_ws/src/uwrt_mars_rover/install/uwrt_mars_rover_drivetrain_description:/opt/ros/galactic LD_LIBRARY_PATH=/home/uwrt/xbox_test_ws/src/uwrt_mars_rover/install/uwrt_mars_rover_drivetrain_hw/lib:${LD_LIBRARY_PATH} /usr/bin/cmake --build /home/uwrt/xbox_test_ws/src/uwrt_mars_rover/build/uwrt_mars_rover_drivetrain -- -j4 -l4
[14.704s] DEBUG:colcon.colcon_core.event_handler.log_command:Invoking command in '/home/uwrt/xbox_test_ws/src/uwrt_mars_rover/build/uwrt_mars_rover_drivetrain': AMENT_PREFIX_PATH=/home/uwrt/xbox_test_ws/src/uwrt_mars_rover/install/uwrt_mars_rover_drivetrain_hw:/home/uwrt/xbox_test_ws/src/uwrt_mars_rover/install/uwrt_mars_rover_drivetrain_description:${AMENT_PREFIX_PATH} CMAKE_PREFIX_PATH=/home/uwrt/xbox_test_ws/src/uwrt_mars_rover/install/uwrt_mars_rover_drivetrain_hw:/home/uwrt/xbox_test_ws/src/uwrt_mars_rover/install/uwrt_mars_rover_drivetrain_description:/opt/ros/galactic LD_LIBRARY_PATH=/home/uwrt/xbox_test_ws/src/uwrt_mars_rover/install/uwrt_mars_rover_drivetrain_hw/lib:${LD_LIBRARY_PATH} /usr/bin/cmake --install /home/uwrt/xbox_test_ws/src/uwrt_mars_rover/build/uwrt_mars_rover_drivetrain
[14.725s] Level 1:colcon.colcon_core.environment:create_environment_scripts_only(uwrt_mars_rover_drivetrain)
[14.731s] Level 1:colcon.colcon_core.environment:checking '/home/uwrt/xbox_test_ws/src/uwrt_mars_rover/install/uwrt_mars_rover_drivetrain' for CMake module files
[14.731s] DEBUG:colcon.colcon_core.event_handler.log_command:Invoked command in '/home/uwrt/xbox_test_ws/src/uwrt_mars_rover/build/uwrt_mars_rover_drivetrain' returned '0': AMENT_PREFIX_PATH=/home/uwrt/xbox_test_ws/src/uwrt_mars_rover/install/uwrt_mars_rover_drivetrain_hw:/home/uwrt/xbox_test_ws/src/uwrt_mars_rover/install/uwrt_mars_rover_drivetrain_description:${AMENT_PREFIX_PATH} CMAKE_PREFIX_PATH=/home/uwrt/xbox_test_ws/src/uwrt_mars_rover/install/uwrt_mars_rover_drivetrain_hw:/home/uwrt/xbox_test_ws/src/uwrt_mars_rover/install/uwrt_mars_rover_drivetrain_description:/opt/ros/galactic LD_LIBRARY_PATH=/home/uwrt/xbox_test_ws/src/uwrt_mars_rover/install/uwrt_mars_rover_drivetrain_hw/lib:${LD_LIBRARY_PATH} /usr/bin/cmake --install /home/uwrt/xbox_test_ws/src/uwrt_mars_rover/build/uwrt_mars_rover_drivetrain
[14.732s] Level 1:colcon.colcon_core.environment:checking '/home/uwrt/xbox_test_ws/src/uwrt_mars_rover/install/uwrt_mars_rover_drivetrain' for CMake config files
[14.732s] Level 1:colcon.colcon_core.shell:create_environment_hook('uwrt_mars_rover_drivetrain', 'cmake_prefix_path')
[14.735s] INFO:colcon.colcon_core.shell:Creating environment hook '/home/uwrt/xbox_test_ws/src/uwrt_mars_rover/install/uwrt_mars_rover_drivetrain/share/uwrt_mars_rover_drivetrain/hook/cmake_prefix_path.ps1'
[14.736s] INFO:colcon.colcon_core.shell:Creating environment descriptor '/home/uwrt/xbox_test_ws/src/uwrt_mars_rover/install/uwrt_mars_rover_drivetrain/share/uwrt_mars_rover_drivetrain/hook/cmake_prefix_path.dsv'
[14.737s] INFO:colcon.colcon_core.shell:Creating environment hook '/home/uwrt/xbox_test_ws/src/uwrt_mars_rover/install/uwrt_mars_rover_drivetrain/share/uwrt_mars_rover_drivetrain/hook/cmake_prefix_path.sh'
[14.738s] Level 1:colcon.colcon_core.environment:checking '/home/uwrt/xbox_test_ws/src/uwrt_mars_rover/install/uwrt_mars_rover_drivetrain/bin'
[14.738s] Level 1:colcon.colcon_core.environment:checking '/home/uwrt/xbox_test_ws/src/uwrt_mars_rover/install/uwrt_mars_rover_drivetrain/lib/pkgconfig/uwrt_mars_rover_drivetrain.pc'
[14.739s] Level 1:colcon.colcon_core.environment:checking '/home/uwrt/xbox_test_ws/src/uwrt_mars_rover/install/uwrt_mars_rover_drivetrain/lib/python3.8/site-packages'
[14.739s] Level 1:colcon.colcon_core.environment:checking '/home/uwrt/xbox_test_ws/src/uwrt_mars_rover/install/uwrt_mars_rover_drivetrain/bin'
[14.742s] INFO:colcon.colcon_core.shell:Creating package script '/home/uwrt/xbox_test_ws/src/uwrt_mars_rover/install/uwrt_mars_rover_drivetrain/share/uwrt_mars_rover_drivetrain/package.ps1'
[14.744s] INFO:colcon.colcon_core.shell:Creating package descriptor '/home/uwrt/xbox_test_ws/src/uwrt_mars_rover/install/uwrt_mars_rover_drivetrain/share/uwrt_mars_rover_drivetrain/package.dsv'
[14.745s] INFO:colcon.colcon_core.shell:Creating package script '/home/uwrt/xbox_test_ws/src/uwrt_mars_rover/install/uwrt_mars_rover_drivetrain/share/uwrt_mars_rover_drivetrain/package.sh'
[14.745s] INFO:colcon.colcon_core.shell:Creating package script '/home/uwrt/xbox_test_ws/src/uwrt_mars_rover/install/uwrt_mars_rover_drivetrain/share/uwrt_mars_rover_drivetrain/package.bash'
[14.746s] INFO:colcon.colcon_core.shell:Creating package script '/home/uwrt/xbox_test_ws/src/uwrt_mars_rover/install/uwrt_mars_rover_drivetrain/share/uwrt_mars_rover_drivetrain/package.zsh'
[14.746s] Level 1:colcon.colcon_core.environment:create_file_with_runtime_dependencies(/home/uwrt/xbox_test_ws/src/uwrt_mars_rover/install/uwrt_mars_rover_drivetrain/share/colcon-core/packages/uwrt_mars_rover_drivetrain)
[14.793s] Level 1:colcon.colcon_core.environment:create_environment_scripts_only(uwrt_mars_rover_drivetrain)
[14.798s] Level 1:colcon.colcon_core.environment:checking '/home/uwrt/xbox_test_ws/src/uwrt_mars_rover/install/uwrt_mars_rover_drivetrain' for CMake module files
[14.799s] Level 1:colcon.colcon_core.environment:checking '/home/uwrt/xbox_test_ws/src/uwrt_mars_rover/install/uwrt_mars_rover_drivetrain' for CMake config files
[14.799s] Level 1:colcon.colcon_core.shell:create_environment_hook('uwrt_mars_rover_drivetrain', 'cmake_prefix_path')
[14.802s] INFO:colcon.colcon_core.shell:Creating environment hook '/home/uwrt/xbox_test_ws/src/uwrt_mars_rover/install/uwrt_mars_rover_drivetrain/share/uwrt_mars_rover_drivetrain/hook/cmake_prefix_path.ps1'
[14.803s] INFO:colcon.colcon_core.shell:Creating environment descriptor '/home/uwrt/xbox_test_ws/src/uwrt_mars_rover/install/uwrt_mars_rover_drivetrain/share/uwrt_mars_rover_drivetrain/hook/cmake_prefix_path.dsv'
[14.804s] INFO:colcon.colcon_core.shell:Creating environment hook '/home/uwrt/xbox_test_ws/src/uwrt_mars_rover/install/uwrt_mars_rover_drivetrain/share/uwrt_mars_rover_drivetrain/hook/cmake_prefix_path.sh'
[14.805s] Level 1:colcon.colcon_core.environment:checking '/home/uwrt/xbox_test_ws/src/uwrt_mars_rover/install/uwrt_mars_rover_drivetrain/bin'
[14.805s] Level 1:colcon.colcon_core.environment:checking '/home/uwrt/xbox_test_ws/src/uwrt_mars_rover/install/uwrt_mars_rover_drivetrain/lib/pkgconfig/uwrt_mars_rover_drivetrain.pc'
[14.805s] Level 1:colcon.colcon_core.environment:checking '/home/uwrt/xbox_test_ws/src/uwrt_mars_rover/install/uwrt_mars_rover_drivetrain/lib/python3.8/site-packages'
[14.806s] Level 1:colcon.colcon_core.environment:checking '/home/uwrt/xbox_test_ws/src/uwrt_mars_rover/install/uwrt_mars_rover_drivetrain/bin'
[14.809s] INFO:colcon.colcon_core.shell:Creating package script '/home/uwrt/xbox_test_ws/src/uwrt_mars_rover/install/uwrt_mars_rover_drivetrain/share/uwrt_mars_rover_drivetrain/package.ps1'
[14.810s] INFO:colcon.colcon_core.shell:Creating package descriptor '/home/uwrt/xbox_test_ws/src/uwrt_mars_rover/install/uwrt_mars_rover_drivetrain/share/uwrt_mars_rover_drivetrain/package.dsv'
[14.812s] INFO:colcon.colcon_core.shell:Creating package script '/home/uwrt/xbox_test_ws/src/uwrt_mars_rover/install/uwrt_mars_rover_drivetrain/share/uwrt_mars_rover_drivetrain/package.sh'
[14.813s] INFO:colcon.colcon_core.shell:Creating package script '/home/uwrt/xbox_test_ws/src/uwrt_mars_rover/install/uwrt_mars_rover_drivetrain/share/uwrt_mars_rover_drivetrain/package.bash'
[14.814s] INFO:colcon.colcon_core.shell:Creating package script '/home/uwrt/xbox_test_ws/src/uwrt_mars_rover/install/uwrt_mars_rover_drivetrain/share/uwrt_mars_rover_drivetrain/package.zsh'
[14.814s] Level 1:colcon.colcon_core.environment:create_file_with_runtime_dependencies(/home/uwrt/xbox_test_ws/src/uwrt_mars_rover/install/uwrt_mars_rover_drivetrain/share/colcon-core/packages/uwrt_mars_rover_drivetrain)
[14.817s] INFO:colcon.colcon_ros.task.ament_cmake.build:Building ROS package in '/home/uwrt/xbox_test_ws/src/uwrt_mars_rover/uwrt_mars_rover' with build type 'ament_cmake'
[14.817s] INFO:colcon.colcon_cmake.task.cmake.build:Building CMake package in '/home/uwrt/xbox_test_ws/src/uwrt_mars_rover/uwrt_mars_rover'
[14.820s] INFO:colcon.colcon_core.shell:Skip shell extension 'powershell' for command environment: Not usable outside of PowerShell
[14.820s] DEBUG:colcon.colcon_core.shell:Skip shell extension 'dsv' for command environment
[14.864s] DEBUG:colcon.colcon_core.event_handler.log_command:Invoking command in '/home/uwrt/xbox_test_ws/src/uwrt_mars_rover/build/uwrt_mars_rover': AMENT_PREFIX_PATH=/home/uwrt/xbox_test_ws/src/uwrt_mars_rover/install/uwrt_mars_rover_drivetrain:/home/uwrt/xbox_test_ws/src/uwrt_mars_rover/install/uwrt_mars_rover_drivetrain_hw:/home/uwrt/xbox_test_ws/src/uwrt_mars_rover/install/uwrt_mars_rover_drivetrain_description:/home/uwrt/xbox_test_ws/src/uwrt_mars_rover/install/uwrt_mars_rover_description:${AMENT_PREFIX_PATH} CMAKE_PREFIX_PATH=/home/uwrt/xbox_test_ws/src/uwrt_mars_rover/install/uwrt_mars_rover_drivetrain:/home/uwrt/xbox_test_ws/src/uwrt_mars_rover/install/uwrt_mars_rover_drivetrain_hw:/home/uwrt/xbox_test_ws/src/uwrt_mars_rover/install/uwrt_mars_rover_drivetrain_description:/home/uwrt/xbox_test_ws/src/uwrt_mars_rover/install/uwrt_mars_rover_description:/opt/ros/galactic LD_LIBRARY_PATH=/home/uwrt/xbox_test_ws/src/uwrt_mars_rover/install/uwrt_mars_rover_drivetrain_hw/lib:${LD_LIBRARY_PATH} /usr/bin/cmake /home/uwrt/xbox_test_ws/src/uwrt_mars_rover/uwrt_mars_rover -DCMAKE_INSTALL_PREFIX=/home/uwrt/xbox_test_ws/src/uwrt_mars_rover/install/uwrt_mars_rover
[16.345s] DEBUG:colcon.colcon_core.event_handler.log_command:Invoked command in '/home/uwrt/xbox_test_ws/src/uwrt_mars_rover/build/uwrt_mars_rover' returned '0': AMENT_PREFIX_PATH=/home/uwrt/xbox_test_ws/src/uwrt_mars_rover/install/uwrt_mars_rover_drivetrain:/home/uwrt/xbox_test_ws/src/uwrt_mars_rover/install/uwrt_mars_rover_drivetrain_hw:/home/uwrt/xbox_test_ws/src/uwrt_mars_rover/install/uwrt_mars_rover_drivetrain_description:/home/uwrt/xbox_test_ws/src/uwrt_mars_rover/install/uwrt_mars_rover_description:${AMENT_PREFIX_PATH} CMAKE_PREFIX_PATH=/home/uwrt/xbox_test_ws/src/uwrt_mars_rover/install/uwrt_mars_rover_drivetrain:/home/uwrt/xbox_test_ws/src/uwrt_mars_rover/install/uwrt_mars_rover_drivetrain_hw:/home/uwrt/xbox_test_ws/src/uwrt_mars_rover/install/uwrt_mars_rover_drivetrain_description:/home/uwrt/xbox_test_ws/src/uwrt_mars_rover/install/uwrt_mars_rover_description:/opt/ros/galactic LD_LIBRARY_PATH=/home/uwrt/xbox_test_ws/src/uwrt_mars_rover/install/uwrt_mars_rover_drivetrain_hw/lib:${LD_LIBRARY_PATH} /usr/bin/cmake /home/uwrt/xbox_test_ws/src/uwrt_mars_rover/uwrt_mars_rover -DCMAKE_INSTALL_PREFIX=/home/uwrt/xbox_test_ws/src/uwrt_mars_rover/install/uwrt_mars_rover
[16.346s] DEBUG:colcon.colcon_core.event_handler.log_command:Invoking command in '/home/uwrt/xbox_test_ws/src/uwrt_mars_rover/build/uwrt_mars_rover': AMENT_PREFIX_PATH=/home/uwrt/xbox_test_ws/src/uwrt_mars_rover/install/uwrt_mars_rover_drivetrain:/home/uwrt/xbox_test_ws/src/uwrt_mars_rover/install/uwrt_mars_rover_drivetrain_hw:/home/uwrt/xbox_test_ws/src/uwrt_mars_rover/install/uwrt_mars_rover_drivetrain_description:/home/uwrt/xbox_test_ws/src/uwrt_mars_rover/install/uwrt_mars_rover_description:${AMENT_PREFIX_PATH} CMAKE_PREFIX_PATH=/home/uwrt/xbox_test_ws/src/uwrt_mars_rover/install/uwrt_mars_rover_drivetrain:/home/uwrt/xbox_test_ws/src/uwrt_mars_rover/install/uwrt_mars_rover_drivetrain_hw:/home/uwrt/xbox_test_ws/src/uwrt_mars_rover/install/uwrt_mars_rover_drivetrain_description:/home/uwrt/xbox_test_ws/src/uwrt_mars_rover/install/uwrt_mars_rover_description:/opt/ros/galactic LD_LIBRARY_PATH=/home/uwrt/xbox_test_ws/src/uwrt_mars_rover/install/uwrt_mars_rover_drivetrain_hw/lib:${LD_LIBRARY_PATH} /usr/bin/cmake --build /home/uwrt/xbox_test_ws/src/uwrt_mars_rover/build/uwrt_mars_rover -- -j4 -l4
[16.431s] DEBUG:colcon.colcon_core.event_handler.log_command:Invoked command in '/home/uwrt/xbox_test_ws/src/uwrt_mars_rover/build/uwrt_mars_rover' returned '0': AMENT_PREFIX_PATH=/home/uwrt/xbox_test_ws/src/uwrt_mars_rover/install/uwrt_mars_rover_drivetrain:/home/uwrt/xbox_test_ws/src/uwrt_mars_rover/install/uwrt_mars_rover_drivetrain_hw:/home/uwrt/xbox_test_ws/src/uwrt_mars_rover/install/uwrt_mars_rover_drivetrain_description:/home/uwrt/xbox_test_ws/src/uwrt_mars_rover/install/uwrt_mars_rover_description:${AMENT_PREFIX_PATH} CMAKE_PREFIX_PATH=/home/uwrt/xbox_test_ws/src/uwrt_mars_rover/install/uwrt_mars_rover_drivetrain:/home/uwrt/xbox_test_ws/src/uwrt_mars_rover/install/uwrt_mars_rover_drivetrain_hw:/home/uwrt/xbox_test_ws/src/uwrt_mars_rover/install/uwrt_mars_rover_drivetrain_description:/home/uwrt/xbox_test_ws/src/uwrt_mars_rover/install/uwrt_mars_rover_description:/opt/ros/galactic LD_LIBRARY_PATH=/home/uwrt/xbox_test_ws/src/uwrt_mars_rover/install/uwrt_mars_rover_drivetrain_hw/lib:${LD_LIBRARY_PATH} /usr/bin/cmake --build /home/uwrt/xbox_test_ws/src/uwrt_mars_rover/build/uwrt_mars_rover -- -j4 -l4
[16.473s] DEBUG:colcon.colcon_core.event_handler.log_command:Invoking command in '/home/uwrt/xbox_test_ws/src/uwrt_mars_rover/build/uwrt_mars_rover': AMENT_PREFIX_PATH=/home/uwrt/xbox_test_ws/src/uwrt_mars_rover/install/uwrt_mars_rover_drivetrain:/home/uwrt/xbox_test_ws/src/uwrt_mars_rover/install/uwrt_mars_rover_drivetrain_hw:/home/uwrt/xbox_test_ws/src/uwrt_mars_rover/install/uwrt_mars_rover_drivetrain_description:/home/uwrt/xbox_test_ws/src/uwrt_mars_rover/install/uwrt_mars_rover_description:${AMENT_PREFIX_PATH} CMAKE_PREFIX_PATH=/home/uwrt/xbox_test_ws/src/uwrt_mars_rover/install/uwrt_mars_rover_drivetrain:/home/uwrt/xbox_test_ws/src/uwrt_mars_rover/install/uwrt_mars_rover_drivetrain_hw:/home/uwrt/xbox_test_ws/src/uwrt_mars_rover/install/uwrt_mars_rover_drivetrain_description:/home/uwrt/xbox_test_ws/src/uwrt_mars_rover/install/uwrt_mars_rover_description:/opt/ros/galactic LD_LIBRARY_PATH=/home/uwrt/xbox_test_ws/src/uwrt_mars_rover/install/uwrt_mars_rover_drivetrain_hw/lib:${LD_LIBRARY_PATH} /usr/bin/cmake --install /home/uwrt/xbox_test_ws/src/uwrt_mars_rover/build/uwrt_mars_rover
[16.500s] Level 1:colcon.colcon_core.environment:create_environment_scripts_only(uwrt_mars_rover)
[16.506s] Level 1:colcon.colcon_core.environment:checking '/home/uwrt/xbox_test_ws/src/uwrt_mars_rover/install/uwrt_mars_rover' for CMake module files
[16.507s] DEBUG:colcon.colcon_core.event_handler.log_command:Invoked command in '/home/uwrt/xbox_test_ws/src/uwrt_mars_rover/build/uwrt_mars_rover' returned '0': AMENT_PREFIX_PATH=/home/uwrt/xbox_test_ws/src/uwrt_mars_rover/install/uwrt_mars_rover_drivetrain:/home/uwrt/xbox_test_ws/src/uwrt_mars_rover/install/uwrt_mars_rover_drivetrain_hw:/home/uwrt/xbox_test_ws/src/uwrt_mars_rover/install/uwrt_mars_rover_drivetrain_description:/home/uwrt/xbox_test_ws/src/uwrt_mars_rover/install/uwrt_mars_rover_description:${AMENT_PREFIX_PATH} CMAKE_PREFIX_PATH=/home/uwrt/xbox_test_ws/src/uwrt_mars_rover/install/uwrt_mars_rover_drivetrain:/home/uwrt/xbox_test_ws/src/uwrt_mars_rover/install/uwrt_mars_rover_drivetrain_hw:/home/uwrt/xbox_test_ws/src/uwrt_mars_rover/install/uwrt_mars_rover_drivetrain_description:/home/uwrt/xbox_test_ws/src/uwrt_mars_rover/install/uwrt_mars_rover_description:/opt/ros/galactic LD_LIBRARY_PATH=/home/uwrt/xbox_test_ws/src/uwrt_mars_rover/install/uwrt_mars_rover_drivetrain_hw/lib:${LD_LIBRARY_PATH} /usr/bin/cmake --install /home/uwrt/xbox_test_ws/src/uwrt_mars_rover/build/uwrt_mars_rover
[16.508s] Level 1:colcon.colcon_core.environment:checking '/home/uwrt/xbox_test_ws/src/uwrt_mars_rover/install/uwrt_mars_rover' for CMake config files
[16.508s] Level 1:colcon.colcon_core.shell:create_environment_hook('uwrt_mars_rover', 'cmake_prefix_path')
[16.512s] INFO:colcon.colcon_core.shell:Creating environment hook '/home/uwrt/xbox_test_ws/src/uwrt_mars_rover/install/uwrt_mars_rover/share/uwrt_mars_rover/hook/cmake_prefix_path.ps1'
[16.513s] INFO:colcon.colcon_core.shell:Creating environment descriptor '/home/uwrt/xbox_test_ws/src/uwrt_mars_rover/install/uwrt_mars_rover/share/uwrt_mars_rover/hook/cmake_prefix_path.dsv'
[16.514s] INFO:colcon.colcon_core.shell:Creating environment hook '/home/uwrt/xbox_test_ws/src/uwrt_mars_rover/install/uwrt_mars_rover/share/uwrt_mars_rover/hook/cmake_prefix_path.sh'
[16.515s] Level 1:colcon.colcon_core.environment:checking '/home/uwrt/xbox_test_ws/src/uwrt_mars_rover/install/uwrt_mars_rover/bin'
[16.515s] Level 1:colcon.colcon_core.environment:checking '/home/uwrt/xbox_test_ws/src/uwrt_mars_rover/install/uwrt_mars_rover/lib/pkgconfig/uwrt_mars_rover.pc'
[16.516s] Level 1:colcon.colcon_core.environment:checking '/home/uwrt/xbox_test_ws/src/uwrt_mars_rover/install/uwrt_mars_rover/lib/python3.8/site-packages'
[16.516s] Level 1:colcon.colcon_core.environment:checking '/home/uwrt/xbox_test_ws/src/uwrt_mars_rover/install/uwrt_mars_rover/bin'
[16.520s] INFO:colcon.colcon_core.shell:Creating package script '/home/uwrt/xbox_test_ws/src/uwrt_mars_rover/install/uwrt_mars_rover/share/uwrt_mars_rover/package.ps1'
[16.521s] INFO:colcon.colcon_core.shell:Creating package descriptor '/home/uwrt/xbox_test_ws/src/uwrt_mars_rover/install/uwrt_mars_rover/share/uwrt_mars_rover/package.dsv'
[16.522s] INFO:colcon.colcon_core.shell:Creating package script '/home/uwrt/xbox_test_ws/src/uwrt_mars_rover/install/uwrt_mars_rover/share/uwrt_mars_rover/package.sh'
[16.523s] INFO:colcon.colcon_core.shell:Creating package script '/home/uwrt/xbox_test_ws/src/uwrt_mars_rover/install/uwrt_mars_rover/share/uwrt_mars_rover/package.bash'
[16.524s] INFO:colcon.colcon_core.shell:Creating package script '/home/uwrt/xbox_test_ws/src/uwrt_mars_rover/install/uwrt_mars_rover/share/uwrt_mars_rover/package.zsh'
[16.525s] Level 1:colcon.colcon_core.environment:create_file_with_runtime_dependencies(/home/uwrt/xbox_test_ws/src/uwrt_mars_rover/install/uwrt_mars_rover/share/colcon-core/packages/uwrt_mars_rover)
[16.572s] Level 1:colcon.colcon_core.environment:create_environment_scripts_only(uwrt_mars_rover)
[16.577s] Level 1:colcon.colcon_core.environment:checking '/home/uwrt/xbox_test_ws/src/uwrt_mars_rover/install/uwrt_mars_rover' for CMake module files
[16.578s] Level 1:colcon.colcon_core.environment:checking '/home/uwrt/xbox_test_ws/src/uwrt_mars_rover/install/uwrt_mars_rover' for CMake config files
[16.578s] Level 1:colcon.colcon_core.shell:create_environment_hook('uwrt_mars_rover', 'cmake_prefix_path')
[16.581s] INFO:colcon.colcon_core.shell:Creating environment hook '/home/uwrt/xbox_test_ws/src/uwrt_mars_rover/install/uwrt_mars_rover/share/uwrt_mars_rover/hook/cmake_prefix_path.ps1'
[16.583s] INFO:colcon.colcon_core.shell:Creating environment descriptor '/home/uwrt/xbox_test_ws/src/uwrt_mars_rover/install/uwrt_mars_rover/share/uwrt_mars_rover/hook/cmake_prefix_path.dsv'
[16.583s] INFO:colcon.colcon_core.shell:Creating environment hook '/home/uwrt/xbox_test_ws/src/uwrt_mars_rover/install/uwrt_mars_rover/share/uwrt_mars_rover/hook/cmake_prefix_path.sh'
[16.584s] Level 1:colcon.colcon_core.environment:checking '/home/uwrt/xbox_test_ws/src/uwrt_mars_rover/install/uwrt_mars_rover/bin'
[16.584s] Level 1:colcon.colcon_core.environment:checking '/home/uwrt/xbox_test_ws/src/uwrt_mars_rover/install/uwrt_mars_rover/lib/pkgconfig/uwrt_mars_rover.pc'
[16.585s] Level 1:colcon.colcon_core.environment:checking '/home/uwrt/xbox_test_ws/src/uwrt_mars_rover/install/uwrt_mars_rover/lib/python3.8/site-packages'
[16.585s] Level 1:colcon.colcon_core.environment:checking '/home/uwrt/xbox_test_ws/src/uwrt_mars_rover/install/uwrt_mars_rover/bin'
[16.588s] INFO:colcon.colcon_core.shell:Creating package script '/home/uwrt/xbox_test_ws/src/uwrt_mars_rover/install/uwrt_mars_rover/share/uwrt_mars_rover/package.ps1'
[16.589s] INFO:colcon.colcon_core.shell:Creating package descriptor '/home/uwrt/xbox_test_ws/src/uwrt_mars_rover/install/uwrt_mars_rover/share/uwrt_mars_rover/package.dsv'
[16.590s] INFO:colcon.colcon_core.shell:Creating package script '/home/uwrt/xbox_test_ws/src/uwrt_mars_rover/install/uwrt_mars_rover/share/uwrt_mars_rover/package.sh'
[16.591s] INFO:colcon.colcon_core.shell:Creating package script '/home/uwrt/xbox_test_ws/src/uwrt_mars_rover/install/uwrt_mars_rover/share/uwrt_mars_rover/package.bash'
[16.592s] INFO:colcon.colcon_core.shell:Creating package script '/home/uwrt/xbox_test_ws/src/uwrt_mars_rover/install/uwrt_mars_rover/share/uwrt_mars_rover/package.zsh'
[16.593s] Level 1:colcon.colcon_core.environment:create_file_with_runtime_dependencies(/home/uwrt/xbox_test_ws/src/uwrt_mars_rover/install/uwrt_mars_rover/share/colcon-core/packages/uwrt_mars_rover)
[21.338s] DEBUG:colcon.colcon_core.event_handler.log_command:Invoked command in '/home/uwrt/xbox_test_ws/src/uwrt_mars_rover/build/uwrt_mars_rover_xbox_controller' returned '0': CMAKE_PREFIX_PATH=/opt/ros/galactic /usr/bin/cmake --build /home/uwrt/xbox_test_ws/src/uwrt_mars_rover/build/uwrt_mars_rover_xbox_controller -- -j4 -l4
[21.412s] DEBUG:colcon.colcon_core.event_handler.log_command:Invoking command in '/home/uwrt/xbox_test_ws/src/uwrt_mars_rover/build/uwrt_mars_rover_xbox_controller': CMAKE_PREFIX_PATH=/opt/ros/galactic /usr/bin/cmake --install /home/uwrt/xbox_test_ws/src/uwrt_mars_rover/build/uwrt_mars_rover_xbox_controller
[21.511s] Level 1:colcon.colcon_core.environment:create_environment_scripts_only(uwrt_mars_rover_xbox_controller)
[21.514s] Level 1:colcon.colcon_core.environment:checking '/home/uwrt/xbox_test_ws/src/uwrt_mars_rover/install/uwrt_mars_rover_xbox_controller' for CMake module files
[21.514s] DEBUG:colcon.colcon_core.event_handler.log_command:Invoked command in '/home/uwrt/xbox_test_ws/src/uwrt_mars_rover/build/uwrt_mars_rover_xbox_controller' returned '0': CMAKE_PREFIX_PATH=/opt/ros/galactic /usr/bin/cmake --install /home/uwrt/xbox_test_ws/src/uwrt_mars_rover/build/uwrt_mars_rover_xbox_controller
[21.515s] Level 1:colcon.colcon_core.environment:checking '/home/uwrt/xbox_test_ws/src/uwrt_mars_rover/install/uwrt_mars_rover_xbox_controller' for CMake config files
[21.515s] Level 1:colcon.colcon_core.shell:create_environment_hook('uwrt_mars_rover_xbox_controller', 'cmake_prefix_path')
[21.517s] INFO:colcon.colcon_core.shell:Creating environment hook '/home/uwrt/xbox_test_ws/src/uwrt_mars_rover/install/uwrt_mars_rover_xbox_controller/share/uwrt_mars_rover_xbox_controller/hook/cmake_prefix_path.ps1'
[21.518s] INFO:colcon.colcon_core.shell:Creating environment descriptor '/home/uwrt/xbox_test_ws/src/uwrt_mars_rover/install/uwrt_mars_rover_xbox_controller/share/uwrt_mars_rover_xbox_controller/hook/cmake_prefix_path.dsv'
[21.518s] INFO:colcon.colcon_core.shell:Creating environment hook '/home/uwrt/xbox_test_ws/src/uwrt_mars_rover/install/uwrt_mars_rover_xbox_controller/share/uwrt_mars_rover_xbox_controller/hook/cmake_prefix_path.sh'
[21.519s] Level 1:colcon.colcon_core.environment:checking '/home/uwrt/xbox_test_ws/src/uwrt_mars_rover/install/uwrt_mars_rover_xbox_controller/lib'
[21.519s] Level 1:colcon.colcon_core.shell:create_environment_hook('uwrt_mars_rover_xbox_controller', 'ld_library_path_lib')
[21.520s] INFO:colcon.colcon_core.shell:Creating environment hook '/home/uwrt/xbox_test_ws/src/uwrt_mars_rover/install/uwrt_mars_rover_xbox_controller/share/uwrt_mars_rover_xbox_controller/hook/ld_library_path_lib.ps1'
[21.521s] INFO:colcon.colcon_core.shell:Creating environment descriptor '/home/uwrt/xbox_test_ws/src/uwrt_mars_rover/install/uwrt_mars_rover_xbox_controller/share/uwrt_mars_rover_xbox_controller/hook/ld_library_path_lib.dsv'
[21.521s] INFO:colcon.colcon_core.shell:Creating environment hook '/home/uwrt/xbox_test_ws/src/uwrt_mars_rover/install/uwrt_mars_rover_xbox_controller/share/uwrt_mars_rover_xbox_controller/hook/ld_library_path_lib.sh'
[21.522s] Level 1:colcon.colcon_core.environment:checking '/home/uwrt/xbox_test_ws/src/uwrt_mars_rover/install/uwrt_mars_rover_xbox_controller/bin'
[21.522s] Level 1:colcon.colcon_core.environment:checking '/home/uwrt/xbox_test_ws/src/uwrt_mars_rover/install/uwrt_mars_rover_xbox_controller/lib/pkgconfig/uwrt_mars_rover_xbox_controller.pc'
[21.522s] Level 1:colcon.colcon_core.environment:checking '/home/uwrt/xbox_test_ws/src/uwrt_mars_rover/install/uwrt_mars_rover_xbox_controller/lib/python3.8/site-packages'
[21.522s] Level 1:colcon.colcon_core.shell:create_environment_hook('uwrt_mars_rover_xbox_controller', 'pythonpath')
[21.524s] INFO:colcon.colcon_core.shell:Creating environment hook '/home/uwrt/xbox_test_ws/src/uwrt_mars_rover/install/uwrt_mars_rover_xbox_controller/share/uwrt_mars_rover_xbox_controller/hook/pythonpath.ps1'
[21.524s] INFO:colcon.colcon_core.shell:Creating environment descriptor '/home/uwrt/xbox_test_ws/src/uwrt_mars_rover/install/uwrt_mars_rover_xbox_controller/share/uwrt_mars_rover_xbox_controller/hook/pythonpath.dsv'
[21.524s] INFO:colcon.colcon_core.shell:Creating environment hook '/home/uwrt/xbox_test_ws/src/uwrt_mars_rover/install/uwrt_mars_rover_xbox_controller/share/uwrt_mars_rover_xbox_controller/hook/pythonpath.sh'
[21.525s] Level 1:colcon.colcon_core.environment:checking '/home/uwrt/xbox_test_ws/src/uwrt_mars_rover/install/uwrt_mars_rover_xbox_controller/bin'
[21.527s] INFO:colcon.colcon_core.shell:Creating package script '/home/uwrt/xbox_test_ws/src/uwrt_mars_rover/install/uwrt_mars_rover_xbox_controller/share/uwrt_mars_rover_xbox_controller/package.ps1'
[21.527s] INFO:colcon.colcon_core.shell:Creating package descriptor '/home/uwrt/xbox_test_ws/src/uwrt_mars_rover/install/uwrt_mars_rover_xbox_controller/share/uwrt_mars_rover_xbox_controller/package.dsv'
[21.528s] INFO:colcon.colcon_core.shell:Creating package script '/home/uwrt/xbox_test_ws/src/uwrt_mars_rover/install/uwrt_mars_rover_xbox_controller/share/uwrt_mars_rover_xbox_controller/package.sh'
[21.529s] INFO:colcon.colcon_core.shell:Creating package script '/home/uwrt/xbox_test_ws/src/uwrt_mars_rover/install/uwrt_mars_rover_xbox_controller/share/uwrt_mars_rover_xbox_controller/package.bash'
[21.529s] INFO:colcon.colcon_core.shell:Creating package script '/home/uwrt/xbox_test_ws/src/uwrt_mars_rover/install/uwrt_mars_rover_xbox_controller/share/uwrt_mars_rover_xbox_controller/package.zsh'
[21.529s] Level 1:colcon.colcon_core.environment:create_file_with_runtime_dependencies(/home/uwrt/xbox_test_ws/src/uwrt_mars_rover/install/uwrt_mars_rover_xbox_controller/share/colcon-core/packages/uwrt_mars_rover_xbox_controller)
[21.606s] Level 1:colcon.colcon_core.environment:create_environment_scripts_only(uwrt_mars_rover_xbox_controller)
[21.609s] Level 1:colcon.colcon_core.environment:checking '/home/uwrt/xbox_test_ws/src/uwrt_mars_rover/install/uwrt_mars_rover_xbox_controller' for CMake module files
[21.610s] Level 1:colcon.colcon_core.environment:checking '/home/uwrt/xbox_test_ws/src/uwrt_mars_rover/install/uwrt_mars_rover_xbox_controller' for CMake config files
[21.610s] Level 1:colcon.colcon_core.shell:create_environment_hook('uwrt_mars_rover_xbox_controller', 'cmake_prefix_path')
[21.612s] INFO:colcon.colcon_core.shell:Creating environment hook '/home/uwrt/xbox_test_ws/src/uwrt_mars_rover/install/uwrt_mars_rover_xbox_controller/share/uwrt_mars_rover_xbox_controller/hook/cmake_prefix_path.ps1'
[21.613s] INFO:colcon.colcon_core.shell:Creating environment descriptor '/home/uwrt/xbox_test_ws/src/uwrt_mars_rover/install/uwrt_mars_rover_xbox_controller/share/uwrt_mars_rover_xbox_controller/hook/cmake_prefix_path.dsv'
[21.613s] INFO:colcon.colcon_core.shell:Creating environment hook '/home/uwrt/xbox_test_ws/src/uwrt_mars_rover/install/uwrt_mars_rover_xbox_controller/share/uwrt_mars_rover_xbox_controller/hook/cmake_prefix_path.sh'
[21.614s] Level 1:colcon.colcon_core.environment:checking '/home/uwrt/xbox_test_ws/src/uwrt_mars_rover/install/uwrt_mars_rover_xbox_controller/lib'
[21.614s] Level 1:colcon.colcon_core.shell:create_environment_hook('uwrt_mars_rover_xbox_controller', 'ld_library_path_lib')
[21.615s] INFO:colcon.colcon_core.shell:Creating environment hook '/home/uwrt/xbox_test_ws/src/uwrt_mars_rover/install/uwrt_mars_rover_xbox_controller/share/uwrt_mars_rover_xbox_controller/hook/ld_library_path_lib.ps1'
[21.616s] INFO:colcon.colcon_core.shell:Creating environment descriptor '/home/uwrt/xbox_test_ws/src/uwrt_mars_rover/install/uwrt_mars_rover_xbox_controller/share/uwrt_mars_rover_xbox_controller/hook/ld_library_path_lib.dsv'
[21.616s] INFO:colcon.colcon_core.shell:Creating environment hook '/home/uwrt/xbox_test_ws/src/uwrt_mars_rover/install/uwrt_mars_rover_xbox_controller/share/uwrt_mars_rover_xbox_controller/hook/ld_library_path_lib.sh'
[21.617s] Level 1:colcon.colcon_core.environment:checking '/home/uwrt/xbox_test_ws/src/uwrt_mars_rover/install/uwrt_mars_rover_xbox_controller/bin'
[21.617s] Level 1:colcon.colcon_core.environment:checking '/home/uwrt/xbox_test_ws/src/uwrt_mars_rover/install/uwrt_mars_rover_xbox_controller/lib/pkgconfig/uwrt_mars_rover_xbox_controller.pc'
[21.617s] Level 1:colcon.colcon_core.environment:checking '/home/uwrt/xbox_test_ws/src/uwrt_mars_rover/install/uwrt_mars_rover_xbox_controller/lib/python3.8/site-packages'
[21.617s] Level 1:colcon.colcon_core.shell:create_environment_hook('uwrt_mars_rover_xbox_controller', 'pythonpath')
[21.619s] INFO:colcon.colcon_core.shell:Creating environment hook '/home/uwrt/xbox_test_ws/src/uwrt_mars_rover/install/uwrt_mars_rover_xbox_controller/share/uwrt_mars_rover_xbox_controller/hook/pythonpath.ps1'
[21.619s] INFO:colcon.colcon_core.shell:Creating environment descriptor '/home/uwrt/xbox_test_ws/src/uwrt_mars_rover/install/uwrt_mars_rover_xbox_controller/share/uwrt_mars_rover_xbox_controller/hook/pythonpath.dsv'
[21.620s] INFO:colcon.colcon_core.shell:Creating environment hook '/home/uwrt/xbox_test_ws/src/uwrt_mars_rover/install/uwrt_mars_rover_xbox_controller/share/uwrt_mars_rover_xbox_controller/hook/pythonpath.sh'
[21.620s] Level 1:colcon.colcon_core.environment:checking '/home/uwrt/xbox_test_ws/src/uwrt_mars_rover/install/uwrt_mars_rover_xbox_controller/bin'
[21.622s] INFO:colcon.colcon_core.shell:Creating package script '/home/uwrt/xbox_test_ws/src/uwrt_mars_rover/install/uwrt_mars_rover_xbox_controller/share/uwrt_mars_rover_xbox_controller/package.ps1'
[21.623s] INFO:colcon.colcon_core.shell:Creating package descriptor '/home/uwrt/xbox_test_ws/src/uwrt_mars_rover/install/uwrt_mars_rover_xbox_controller/share/uwrt_mars_rover_xbox_controller/package.dsv'
[21.624s] INFO:colcon.colcon_core.shell:Creating package script '/home/uwrt/xbox_test_ws/src/uwrt_mars_rover/install/uwrt_mars_rover_xbox_controller/share/uwrt_mars_rover_xbox_controller/package.sh'
[21.624s] INFO:colcon.colcon_core.shell:Creating package script '/home/uwrt/xbox_test_ws/src/uwrt_mars_rover/install/uwrt_mars_rover_xbox_controller/share/uwrt_mars_rover_xbox_controller/package.bash'
[21.625s] INFO:colcon.colcon_core.shell:Creating package script '/home/uwrt/xbox_test_ws/src/uwrt_mars_rover/install/uwrt_mars_rover_xbox_controller/share/uwrt_mars_rover_xbox_controller/package.zsh'
[21.625s] Level 1:colcon.colcon_core.environment:create_file_with_runtime_dependencies(/home/uwrt/xbox_test_ws/src/uwrt_mars_rover/install/uwrt_mars_rover_xbox_controller/share/colcon-core/packages/uwrt_mars_rover_xbox_controller)
[21.626s] DEBUG:colcon.colcon_parallel_executor.executor.parallel:closing loop
[21.626s] DEBUG:colcon.colcon_parallel_executor.executor.parallel:loop closed
[21.626s] DEBUG:colcon.colcon_parallel_executor.executor.parallel:run_until_complete finished with '0'
[21.626s] DEBUG:colcon.colcon_core.event_reactor:joining thread
[21.636s] INFO:colcon.colcon_core.plugin_system:Skipping extension 'colcon_notification.desktop_notification.terminal_notifier': Not used on non-Darwin systems
[21.636s] INFO:colcon.colcon_core.plugin_system:Skipping extension 'colcon_notification.desktop_notification.win32': Not used on non-Windows systems
[21.636s] INFO:colcon.colcon_notification.desktop_notification:Sending desktop notification using 'notify2'
[21.662s] DEBUG:colcon.colcon_core.event_reactor:joined thread
[21.664s] INFO:colcon.colcon_core.shell:Creating prefix script '/home/uwrt/xbox_test_ws/src/uwrt_mars_rover/install/local_setup.ps1'
[21.665s] INFO:colcon.colcon_core.shell:Creating prefix util module '/home/uwrt/xbox_test_ws/src/uwrt_mars_rover/install/_local_setup_util_ps1.py'
[21.668s] INFO:colcon.colcon_core.shell:Creating prefix chain script '/home/uwrt/xbox_test_ws/src/uwrt_mars_rover/install/setup.ps1'
[21.670s] INFO:colcon.colcon_core.shell:Creating prefix script '/home/uwrt/xbox_test_ws/src/uwrt_mars_rover/install/local_setup.sh'
[21.671s] INFO:colcon.colcon_core.shell:Creating prefix util module '/home/uwrt/xbox_test_ws/src/uwrt_mars_rover/install/_local_setup_util_sh.py'
[21.672s] INFO:colcon.colcon_core.shell:Creating prefix chain script '/home/uwrt/xbox_test_ws/src/uwrt_mars_rover/install/setup.sh'
[21.673s] INFO:colcon.colcon_core.shell:Creating prefix script '/home/uwrt/xbox_test_ws/src/uwrt_mars_rover/install/local_setup.bash'
[21.674s] INFO:colcon.colcon_core.shell:Creating prefix chain script '/home/uwrt/xbox_test_ws/src/uwrt_mars_rover/install/setup.bash'
[21.676s] INFO:colcon.colcon_core.shell:Creating prefix script '/home/uwrt/xbox_test_ws/src/uwrt_mars_rover/install/local_setup.zsh'
[21.677s] INFO:colcon.colcon_core.shell:Creating prefix chain script '/home/uwrt/xbox_test_ws/src/uwrt_mars_rover/install/setup.zsh'
